offset_x,offset_y,1996-06-22 00:00:00,1996-06-28 00:00:00,1996-07-05 00:00:00,1996-07-12 00:00:00,1996-07-19 00:00:00,1996-07-26 00:00:00,1996-08-02 00:00:00,1996-08-16 00:00:00,1997-06-22 00:00:00,1997-07-15 00:00:00,1997-07-30 00:00:00,1997-08-11 00:00:00,1997-08-21 00:00:00,1997-08-30 00:00:00,1998-06-25 00:00:00,1998-07-09 00:00:00,1998-07-23 00:00:00,1998-08-07 00:00:00,1998-08-14 00:00:00,1998-08-21 00:00:00,1998-08-31 00:00:00,1999-06-27 00:00:00,1999-07-04 00:00:00,1999-07-10 00:00:00,1999-07-18 00:00:00,1999-07-26 00:00:00,1999-08-07 00:00:00,1999-08-13 00:00:00,1999-08-19 00:00:00,1999-08-28 00:00:00,1999-09-04 00:00:00,1999-09-08 00:00:00,2000-06-04 00:00:00,2000-06-17 00:00:00,2000-07-01 00:00:00,2000-07-15 00:00:00,2000-07-28 00:00:00,2000-08-11 00:00:00,2000-08-28 00:00:00,2001-06-25 00:00:00,2001-07-11 00:00:00,2001-07-25 00:00:00,2001-08-09 00:00:00,2001-08-21 00:00:00,2001-08-29 00:00:00,2002-06-24 00:00:00,2002-07-08 00:00:00,2002-07-17 00:00:00,2002-07-31 00:00:00,2002-08-13 00:00:00,2002-08-21 00:00:00,2002-08-31 00:00:00,2003-06-11 00:00:00,2003-06-18 00:00:00,2003-06-26 00:00:00,2003-07-03 00:00:00,2003-07-16 00:00:00,2003-07-30 00:00:00,2003-08-13 00:00:00,2003-08-30 00:00:00,2004-06-12 00:00:00,2004-06-19 00:00:00,2004-06-26 00:00:00,2004-07-09 00:00:00,2004-07-25 00:00:00,2004-08-05 00:00:00,2004-08-19 00:00:00,2004-08-29 00:00:00,2005-06-01 00:00:00,2005-06-06 00:00:00,2005-06-13 00:00:00,2005-06-25 00:00:00,2005-07-09 00:00:00,2005-08-04 00:00:00,2005-08-16 00:00:00,2005-08-27 00:00:00,2006-06-26 00:00:00,2006-07-05 00:00:00,2006-07-10 00:00:00,2006-07-23 00:00:00,2006-08-07 00:00:00,2006-08-23 00:00:00,2006-08-28 00:00:00,2007-06-09 00:00:00,2007-06-16 00:00:00,2007-06-27 00:00:00,2007-07-09 00:00:00,2007-07-23 00:00:00,2007-08-08 00:00:00,2007-08-21 00:00:00,2007-09-04 00:00:00,2008-06-23 00:00:00,2008-07-02 00:00:00,2008-07-08 00:00:00,2008-07-21 00:00:00,2008-07-31 00:00:00,2008-08-10 00:00:00,2008-08-21 00:00:00,2008-08-27 00:00:00,2008-09-01 00:00:00,2009-05-17 00:00:00,2009-05-24 00:00:00,2009-05-31 00:00:00,2009-06-08 00:00:00,2009-06-18 00:00:00,2009-06-28 00:00:00,2009-07-13 00:00:00,2009-07-26 00:00:00,2009-08-10 00:00:00,2009-08-23 00:00:00,2009-09-01 00:00:00,2010-06-20 00:00:00,2010-06-29 00:00:00,2010-07-12 00:00:00,2010-07-26 00:00:00,2010-08-09 00:00:00,2010-08-23 00:00:00,2010-08-30 00:00:00,2010-09-04 00:00:00,2011-06-10 00:00:00,2011-06-14 00:00:00,2011-06-23 00:00:00,2011-07-05 00:00:00,2011-07-19 00:00:00,2011-08-02 00:00:00,2011-08-16 00:00:00,2011-08-30 00:00:00,2012-06-26 00:00:00,2012-07-03 00:00:00,2012-07-10 00:00:00,2012-07-17 00:00:00,2012-07-24 00:00:00,2012-08-07 00:00:00,2012-08-21 00:00:00,2012-09-05 00:00:00,2013-06-01 00:00:00,2013-06-08 00:00:00,2013-06-15 00:00:00,2013-06-22 00:00:00,2013-07-06 00:00:00,2013-07-20 00:00:00,2013-08-03 00:00:00,2013-08-17 00:00:00,2013-09-02 00:00:00,2013-09-07 00:00:00,2014-06-24 00:00:00,2014-06-30 00:00:00,2014-07-07 00:00:00,2014-07-21 00:00:00,2014-08-04 00:00:00,2014-08-18 00:00:00,2014-09-01 00:00:00,2015-06-30 00:00:00,2015-07-07 00:00:00,2015-07-14 00:00:00,2015-07-28 00:00:00,2015-08-11 00:00:00,2015-08-25 00:00:00,2015-09-01 00:00:00,2016-06-13 00:00:00,2016-06-20 00:00:00,2016-06-27 00:00:00,2016-07-04 00:00:00,2016-07-11 00:00:00,2016-07-25 00:00:00,2016-08-08 00:00:00,2016-08-22 00:00:00,2016-08-31 00:00:00
0,0,14,25,42,56,62,65,67,70,-999,36,46,68,71,32.4,19,44,53,53,57,59,72,-999,6,21,37,48,64,65,65,64,44,44,-999,13,42,42,56,58,69,11,30,62,67,68,69,15,43,64,70,75,76,74,-999,13,36,45,51,64,68,68,16,27,45,55,65,67,70,74,-999,18,33,53,61,75,76,76,25,56,60,70,79,81,79,-999,24,50,62,67,71,73,71,21,47,53,65,71,75,75,75,74,-999,-999,8,20,36,47,62,71,74,75,72,35,53,67,67,74,77,75,84,13,26,51,62,67,78,84,84,-999,45,57,67,72,80,82,84,10,14,35,44,52,67,67,66,65,64,12,35,47,57,64,76,76,12,42,50,62,69,74,73,12,40,47,55,61,73,80,72,86
0,10,2,30,47,51,62,67,67,68,-999,36,46,61,64,27.7,2,41,52,52,56,72,70,-999,1,21,37,48,60,62,64,63,61,59,-999,8,40,43,58,64,68,13,45,58,65,66,69,6,55,63,72,78,79,79,-999,6,25,37,54,63,69,71,10,32,42,55,67,70,75,75,-999,-999,30,49,55,75,79,78,15,38,41,58,74,77,76,1,20,39,55,67,72,75,75,1,32,44,63,74,78,78,77,76,-999,-999,11,17,34,41,58,69,76,76,75,22,43,56,66,75,75,74,74,3,26,47,59,64,70,75,74,19,46,54,65,67,75,79,79,10,20,41,54,57,63,68,68,68,66,15,27,43,54,63,68,67,6,28,46,60,66,76,67,8,24,46,55,60,68,74,80,80
0,20,1,18,37.5,50,56,59,62,62,-999,37,52,59,62,38,9,38,49,61,65,66,66,-999,7,16,36,47,59,63,62,61,61,59,-999,9,41,54,61,65,69,6,49,62,66,68,68,10,54,63,68,73,74,75,-999,8,24,40,50,60,64,66,4,16,37,55,62,65,69,70,-999,-999,13,45,55,72,79,79,-999,16,27,63,71,72,73,-999,8,36,54,60,69,68,65,-999,24,44,57,63,68,70,69,66,-999,-999,-999,12,24,38,59,64,71,71,69,13,40,54,60,65,69,68,76,-999,3,40,51,65,67,75,76,14,41,48,60,66,73,79,80,7,28,34,40,46,57,67,70,68,68,11,29,40,54,65,72,73,4,38,48,61,70,72,71,9,32,42,49,55,70,80,84,89
0,30,0.5,20,34,45,49,51,53,53,-999,41,53,55,55,28.6,8,41,48,57,57,60,60,-999,5,7,29,44,53,54,55,54,52,51,-999,4,41,49,52,65,68,9,45,52,57,61,69,2,45,53,60,68,68,68,-999,6,33,37,50,59,65,65,-999,20,31,45,61,65,67,68,-999,-999,17,34,49,72,72,72,1,28,38,54,68,71,71,-999,14,40,53,65,70,70,70,2,34,43,56,70,71,71,72,70,-999,-999,1,17,40,46,61,70,74,75,75,26,37,56,65,73,74,72,86,-999,-999,28,57,72,77,84,86,13,17,34,64,71,86,88,89,-999,15,25,38,57,69,78,80,80,80,4,20,37,63,71,77,78,7,29,51,65,75,77,77,5,27,55,63,68,82,87,94,97
0,40,5,21,45,55,59,61,63,64,-999,49,60,63,68,47.5,6,48,53,64,67,69,71,-999,1,18,46,53,62,64,63,63,61,60,-999,8,49,57,61,66,68,5,48,53,62,69,68,15,55,62,70,74,74,75,-999,7,24,37,55,63,72,76,13,20,36,58,74,77,80,82,-999,-999,11,35,52,81,83,82,-999,16,33,51,69,74,75,-999,10,30,47,63,68,79,76,3,58,58,67,78,83,83,84,81,-999,-999,5,14,26,47,68,75,81,84,83,18,46,66,75,84,85,83,88,-999,5,39,51,68,77,85,88,-999,18,39,57,64,80,83,85,15,24,27,49,61,72,78,82,81,81,-999,12,48,62,73,78,79,8,36,50,67,77,80,85,-999,23,49,58,65,82,-999,70,72
0,50,12,31,37.5,46,53,60,61,62,-999,39,52,60,61,37.7,6,36,48,64,65,69,69,-999,8,21,39,46,59,61,63,62,56,56,-999,5,38,51,60,63,65,9,48,58,65,65,67,5,53,61,67,72,73,73,-999,15,47,54,64,74,75,75,9,27,49,64,75,76,80,81,-999,-999,14,50,65,80,81,81,11,27,50,65,77,81,80,-999,16,51,64,72,77,79,75,11,46,57,71,78,81,81,81,81,-999,-999,1,17,33,53,70,78,82,83,82,14,43,58,72,80,82,78,79,-999,-999,32,47,70,70,86,79,-999,61,60,66,72,85,88,88,4,24,36,46,57,71,79,83,81,80,5,23,50,61,74,79,81,5,46,54,69,78,87,82,-999,10,50,53,58,77,87,94,95
0,60,10,24,35.5,49,55,60,63,64,-999,44,57,61,65,38.3,10,42,52,62,65,66,68,-999,14,23,40,51,60,63,63,62,61,60,-999,17,44,57,61,64,68,10,47,59,64,66,69,17,55,63,68,73,74,75,-999,4,26,41,53,61,65,66,1,21,42,54,64,65,67,68,-999,-999,18,43,56,70,70,70,3,25,35,54,67,70,71,1,18,44,56,62,69,69,69,1,31,47,59,67,70,70,70,70,-999,-999,13,24,41,53,65,73,75,75,74,16,45,55,64,69,71,70,85,-999,-999,41,49,70,78,84,85,-999,15,39,58,67,82,83,83,1,24,40,46,53,69,72,79,77,77,7,37,44,58,74,73,78,-999,44,50,62,64,79,77,-999,8,29,41,45,75,85,86,86
0,70,35,41,49,58,63,67,67,69,-999,43,56,62,68,39.7,35,46,53,68,68,68,69,-999,2,23,43,50,59,62,63,62,60,58,-999,12,43,55,60,64,67,12,57,62,69,70,71,35,55,64,68,74,75,76,-999,25,41,46,58,65,69,69,3,25,40,57,65,69,73,74,-999,-999,24,46,59,75,76,76,3,40,47,60,74,74,77,16,19,46,57,63,70,71,70,2,42,50,63,70,73,74,74,74,-999,-999,8,16,37,54,64,71,74,75,75,15,41,58,69,75,75,73,82,-999,-999,22,35,64,70,78,82,-999,8,28,44,57,69,77,77,1,15,23,33,54,64,72,78,78,79,-999,14,27,52,65,72,75,-999,9,26,52,62,65,62,-999,-999,17,40,48,61,71,75,79
0,80,34,38,46.5,50,57,61,61,63,-999,42,52,58,60,18.4,16,38,50,60,63,64,66,-999,1,14,35,45,54,58,57,57,56,55,-999,12,40,51,56,60,62,15,47,53,61,63,64,32,55,61,67,73,73,73,-999,9,36,47,54,59,63,63,6,24,43,56,64,64,66,66,-999,-999,18,51,55,68,69,69,11,45,50,60,68,73,70,-999,11,43,50,57,67,68,65,7,36,49,59,66,71,71,69,66,-999,-999,6,12,31,46,56,64,67,68,68,15,42,59,65,72,71,68,78,-999,7,22,49,61,69,73,78,-999,14,30,55,62,72,73,74,6,18,25,46,55,65,70,72,72,71,-999,9,26,53,66,71,74,-999,12,27,56,66,68,65,-999,-999,13,39,48,60,67,70,68
0,90,18,32,41,49,56,60,61,61,-999,48,60,61,66,16.9,14,38,50,62,62,67,67,-999,2,34,45,52,60,61,62,59,58,56,-999,19,43,53,58,61,64,45,51,56,63,64,64,37,55,60,65,69,70,70,-999,24,46,54,60,70,73,73,27,45,56,64,72,73,73,74,-999,11,29,55,60,75,75,75,38,59,63,71,76,78,78,-999,29,55,63,69,75,78,73,21,54,63,72,77,80,80,80,78,-999,-999,19,22,36,53,64,71,75,75,75,25,54,64,73,78,79,75,83,18,34.5,51,62,71,78,82,83,11,53,60,69,73,83,83,84,20,44,51,57,58,67,74,74,73,70,13,41,46,58,69,73,73,-999,50,51,66,70,73,70,-999,40,50,50,51,75,82,82,84
0,100,9,25,35,43,50,52,54,65,-999,48,58,62,63,33.9,13,43,51,61,63,66,66,-999,13,35,45,55,62,64,62,60,60,57,-999,14,42,53,59,61,62,10,44,52,61,61,63,20,50,58,63,65,68,67,-999,10,38,44,58,67,72,74,26,41,50,61,71,75,78,80,-999,1,19,55,62,78,80,80,5,47,49,60,72,77,75,-999,20,46,58,68,74,76,75,46,55,63,73,79,83,83,84,84,-999,-999,7,19,36,50,64,75,79,80,80,46,54,67,75,80,83,80,89,20,21,42,44,79,85,88,89,16,58,58,75,78,87,88,88,19,42,50,62,64,72,78,79,77,77,15,28,44,61,72,78,88,12,50,57,68,78,80,60,-999,39,52,61,-999,81,86,89,90
10,0,23,34,45.5,60,62,67,69,69,-999,42,57,63,68,37.8,10,43,52,57,70,71,71,-999,-999,16,46,53,63,65,65,63,62,60,-999,12,40,47,52,64,66,12,43,61,63,63,64,9,50,57,65,68,70,69,-999,6,24,42,52,61,65,66,-999,14,42,57,63,66,68,65,-999,2,15,50,55,69,71,70,3,44,47,50,67,70,69,-999,13,46,57,63,68,67,67,14,46,56,63,68,71,71,72,71,-999,-999,5,17,30,40,60,68,70,72,70,37,47,60,63,71,71,70,79,7,30,37,49,64,70,76,79,11,44,51,63,69,80,82,83,1,23,34,40,48,62,70,73,71,71,18,38,43,56,66,71,71,8,39,50,64,71,75,70,13,34,46,56,61,75,83,86,87
10,10,19,34,43,50,51,63,63,63,-999,37,46,50,54,28.5,15,40,50,58,47,50,52,-999,5,11,41,47,51,58,58,56,54,52,-999,7,37,42,49,60,61,18,37,41,49,51,50,16,45,43,46,69,70,70,-999,14,39,47,58,69,74,73,14,36,46,60,71,74,78,78,-999,-999,30,48,60,76,79,87,10,40,45,62,75,75,77,-999,7,41,58,67,72,74,70,1,47,55,69,75,78,79,78,76,-999,-999,7,18,33,45,60,70,75,75,74,11,48,62,70,76,77,75,81,8,25,44,51,68,75,80,81,10,45,54,66,71,81,83,85,10,34,35,57,63,66,71,75,71,70,15,32,41,55,67,73,73,14,44,53,65,73,75,74,5,27,45,55,62,75,84,87,88
10,20,14,30,40.5,50,57,62,64,64,-999,40,50,58,60,45.5,7,30,44,54,62,67,63,-999,7,12,37,43,54,54,54,55,53,48,-999,8,31,45,54,59,61,7,40,46,59,64,63,10,47,56,64,69,70,69,-999,-999,17,35,44,55,60,64,1,21,34,50,60,64,67,67,-999,-999,12,45,51,68,71,80,-999,23,34,53,67,76,75,-999,8,39,55,61,68,69,68,-999,21,44,64,68,74,74,74,73,-999,-999,-999,15,29,47,59,67,71,74,72,14,40,52,61,67,70,69,84,-999,10,34,53,66,76,84,84,2,25,49,62,67,78,81,81,-999,16,35,53,60,67,72,74,72,72,8,22,35,55,67,69,74,5,28,48,63,72,75,75,-999,21,40,52,59,75,83,87,90
10,30,21,27,35.5,46,53,59,61,61,-999,50,63,65,70,38.9,13,44,53,68,68,73,73,-999,7,22,43,52,52,63,63,61,60,58,-999,18,41,55,61,65,67,10,48,55,65,66,68,38,55,63,68,73,76,76,-999,-999,20,40,52,60,68,69,-999,17,35,55,65,70,72,73,-999,-999,16,47,58,74,75,75,-999,21,38,59,70,75,75,-999,1,39,56,64,73,74,70,3,42,55,67,73,76,76,78,75,-999,-999,-999,13,27,59,63,72,76,79,79,15,44,59,68,76,79,78,90,-999,-999,27,55,68,79,87,90,-999,19,40,59,68,83,88,90,14,25,43,55,60,70,77,80,81,79,2,21,34,54,70,77,80,9,32,50,67,78,83,82,-999,17,31,50,58,79,87,91,94
10,40,16,30,41,50,58,62,63,63,-999,41,57,60,62,33.2,-999,40,49,61,63,64,64,-999,8,25,41,49,58,61,61,60,58,55,-999,9,41,51,56,61,63,6,44,52,60,61,63,35,51,60,64,69,70,70,-999,3,32,46,59,67,71,74,7,21,42,65,72,76,81,81,-999,-999,15,50,67,83,86,87,-999,49,72,74,84,87,88,-999,6,42,67,77,83,85,84,13,52,64,79,86,88,89,90,89,-999,-999,-999,16,31,45,74,83,87,90,89,23,51,70,80,86,88,88,94,-999,5,28,60,75,85,90,94,-999,16,40,69,77,86,92,94,9,24,32,52,69,78,85,88,88,87,-999,19,33,55,72,80,83,5,30,55,70,80,84,84,-999,7,26,37,60,78,88,92,96
10,50,32,42,47,55,65,68,70,71,-999,44,48,65,67,35.6,10,41,53,64,69,67,68,-999,7,21,44,52,63,64,65,63,61,54,-999,11,42,56,63,67,69,7,41,60,66,67,68,20,56,64,71,75,75,76,-999,6,40,45,60,70,75,77,9,32,43,63,72,77,80,81,-999,1,28,55,61,81,85,85,-999,50,52,62,77,82,81,-999,19,47,60,72,78,79,80,12,60,62,71,79,84,85,86,84,-999,-999,1,16,50,55,67,78,84,86,86,11,55,64,75,81,84,83,85,-999,6,42,56,73,78,85,85,-999,50,52,64,71,82,87,86,9,24,45,47,50,67,78,80,80,80,-999,17,30,60,72,79,80,-999,23,50,67,76,79,78,-999,7,27,46,59,77,86,90,91
10,60,1,16,35,39,47,53,53,53,-999,38,51,57,59,37.5,6,32,46,58,61,63,63,-999,-999,13,34,42,54,56,57,56,53,53,-999,12,35,49,53,60,62,9,47,51,60,64,60,4,47,56,64,68,70,71,-999,3,27,40,58,67,73,75,-999,17,47,59,70,74,78,78,-999,-999,15,54,60,80,83,83,-999,25,53,66,76,79,79,-999,10,50,54,68,75,77,76,7,56,62,71,77,81,82,83,81,-999,-999,5,16,29,40,58,71,77,80,80,53,54,66,75,80,81,79,87,-999,-999,41,53,70,79,86,87,-999,15,44,66,72,82,86,86,-999,16,35,55,55,56,59,78,78,78,-999,18,34,57,72,78,80,4,20,34,65,75,80,78,-999,3,24,46,48,75,86,86,86
10,70,26,39,45.5,52,57,60,61,61,-999,41,53,57,60,25.3,10,38,50,58,60,65,65,-999,-999,16,38,47,57,58,60,57,55,53,-999,14,41,53,57,60,62,12,51,57,63,63,66,30,56,61,67,74,75,68,-999,-999,20,36,49,57,60,63,-999,4,21,50,59,61,65,63,-999,-999,13,43,50,66,69,68,-999,19,31,51,63,64,64,-999,22,43,52,60,63,65,65,26,48,53,66,71,73,73,72,71,-999,-999,8,15,30,47,56,64,69,69,67,8,38,50,61,67,69,66,92,-999,-999,31,59,72,81,90,92,-999,14,46,56,65,81,85,85,4,19,28,51,60,69,71,81,82,80,-999,17,30,56,72,81,82,-999,25,43,63,77,82,80,-999,7,27,51,58,77,87,91,94
10,80,14,34,42.5,51,56,58,60,61,-999,39,51,57,59,39.4,7,38,50,62,61,65,66,-999,7,24,45,52,61,62,64,62,59,58,-999,10,44,54,59,61,64,8,46,52,58,62,68,29,52,60,65,69,69,73,-999,11,35,44,55,65,66,68,4,28,40,55,66,67,70,70,-999,3,25,45,55,71,72,72,9,36,45,54,67,69,68,-999,9,41,55,63,68,71,68,18,47,56,67,73,77,77,76,76,-999,-999,9,15,25,40,60,70,74,75,73,11,52,55,65,70,73,72,75,2,7,32,49,64,67,74,75,-999,17,33,49,58,69,74,72,11,21,30,41,50,58,67,69,67,69,-999,21,37,54,64,69,70,-999,23,38,56,64,68,67,-999,12,30,44,51,68,76,78,80
10,90,2,26,45,53,56,58,58,59,-999,47,59,59,60,35.9,2,42,50,56,60,59,63,-999,-999,12,31,49,56,58,57,57,56,54,-999,3,38,51,55,57,59,30,48,52,58,58,58,4,48,54,58,61,62,62,-999,10,41,50,59,67,72,74,10,39,48,58,70,72,79,78,-999,2,49,52,62,78,80,79,27,46,51,64,76,80,80,6,19,46,58,66,73,75,74,26,48,57,69,76,80,82,82,79,-999,-999,8,14,28,42,60,71,76,77,75,17,43,59,69,72,76,76,80,25,31.5,38,41,47,76,86,80,11,31,37,68,72,79,81,81,15,38,48,40,47,47,51,53,63,72,19,33,41,56,64,68,67,2,44,52,63,68,71,69,-999,36,44,43,40,74,77,77,37
10,100,15,33,42,50,53,57,58,59,-999,40,53,58,63,34.2,13,40,50,59,61,63,63,-999,6,18,45,49,56,58,59,58,57,57,-999,9,39,49,55,58,60,11,48,58,59,59,59,1,45,54,60,65,65,69,-999,19,42,51,58,67,70,70,2,20,35,58,68,71,72,72,-999,-999,20,50,60,75,75,75,-999,24,43,60,73,75,76,-999,21,49,62,66,73,70,66,10,33,47,61,67,71,72,72,71,-999,-999,-999,16,34,46,61,70,73,74,72,16,46,56,65,71,72,70,94,23,31.5,40,43,81,87,94,94,12,50,59,76,81,92,93,95,17,38,37,54,54,55,57,81,80,77,10,44,49,62,75,81,82,-999,47,54,69,74,81,78,-999,16,48,-999,67,80,89,92,94
20,0,0.5,11,30.5,45,46,49,53,56,-999,32,48,52,57,35.1,-999,36,45,53,56,56,68,-999,-999,2,23,41,48,51,52,52,52,50,-999,-999,30,45,50,55,58,3,38,43,57,57,57,-999,37,47,55,61,61,62,-999,8,30,38,50,62,67,68,-999,18,41,53,63,69,72,74,-999,-999,13,35,45,70,73,73,4,31,41,54,70,72,73,-999,15,41,53,60,68,68,66,15,49,54,63,70,74,74,77,75,-999,-999,1,11,28,47,59,67,71,73,72,22,46,60,69,76,76,76,73,-999,15,19,47,58,66,78,73,2,23,41,57,62,70,72,74,2,15,22,38,45,59,62,63,62,62,5,19,34,51,58,64,65,-999,17,34,52,60,63,62,-999,16,35,46,50,64,71,74,76
20,10,12,17,26.5,42,49,54,56,56,-999,30,42,49,50,27.8,-999,30,39,56,56,58,60,-999,-999,7,41,46,47,50,55,52,50,50,-999,2,30,43,48,54,58,1,39,46,53,53,55,6,38,47,52,65,65,57,-999,1,26,37,51,63,70,72,2,23,41,54,65,73,75,77,-999,-999,12,50,56,78,80,83,-999,28,31,59,75,79,79,-999,11,44,55,64,72,74,72,18,50,56,69,75,80,81,82,80,-999,-999,1,15,29,46,60,71,77,78,78,26,47,60,71,80,81,79,74,-999,27,29,54,64,70,75,74,-999,24,42,57,63,74,77,79,-999,11,23,39,61,62,69,71,68,68,7,17,30,47,66,63,64,7,24,43,54,63,67,69,5,27,40,52,60,73,80,84,85
20,20,14,34,48,58,60,66,68,68,-999,45,56,61,66,47.7,2,42,53,62,64,67,69,-999,1,18,37,53,61,65,65,64,63,60,-999,7,40,55,60,66,66,6,48,55,61,63,63,3,49,59,65,68,68,69,-999,-999,18,40,50,62,68,68,1,18,37,55,63,68,72,70,-999,-999,14,46,57,75,77,76,-999,15,30,55,70,74,74,-999,5,49,56,64,71,74,73,6,46,55,67,72,76,77,78,77,-999,-999,8,20,40,53,67,75,80,81,81,15,45,60,70,75,79,78,83,-999,10,36,56,65,75,82,83,-999,20,41,61,66,78,82,82,6,25,40,46,56,66,72,73,73,72,8,20,34,54,67,73,74,4,27,44,64,72,75,75,-999,21,42,53,61,76,85,86,89
20,30,13,41,49.5,55,61,65,67,68,-999,-999,60,65,65,22.9,-999,45,53,65,68,69,70,-999,2,18,49,55,64,66,67,68,67,65,-999,8,46,60,65,70,72,2,51,55,63,67,67,20,60,65,72,75,78,77,-999,-999,20,42,58,68,73,74,-999,18,31,62,73,75,75,77,-999,-999,12,48,62,82,82,82,-999,21,36,64,77,81,81,-999,-999,30,63,69,78,79,78,2,32,62,74,80,85,86,87,86,-999,-999,-999,19,35,65,74,82,85,87,87,16,36,67,67,84,86,86,85,-999,4,48,59,68,78,85,85,-999,24,49,62,68,80,83,82,12,36,44,50,60,70,75,76,74,75,5,23,39,56,71,77,78,-999,30,49,65,74,77,76,-999,18,33,50,59,77,84,89,90
20,40,21,28,40,51,57,61,62,64,-999,40,55,61,66,34.8,7,40,53,67,68,71,72,-999,2,18,36,49,60,63,63,62,60,58,-999,8,42,53,60,64,67,12,50,56,64,67,60,14,53,60,68,73,75,77,-999,2,25,44,57,69,77,78,-999,14,47,56,73,77,82,82,-999,-999,16,53,62,85,86,86,-999,30,50,65,79,82,84,-999,2,43,55,70,80,81,80,1,55,57,69,80,84,84,86,84,-999,-999,10,23,45,51,67,80,85,86,87,5,30,60,73,82,84,84,88,-999,1,47,62,72,80,89,88,-999,24,52,67,75,86,91,91,9,24,45,61,66,73,79,81,79,79,-999,17,35,54,69,75,78,3,32,49,67,73,74,80,-999,21,41,55,64,80,88,95,98
20,50,1,20,42,48,53,57,59,59,-999,44,55,57,57,53.1,14,43,51,56,61,62,62,-999,-999,14,33,48,56,57,60,57,56,54,-999,5,40,50,55,57,60,8,41,50,56,61,59,15,54,59,63,68,70,67,-999,-999,25,44,57,67,70,70,11,44,54,66,73,76,82,82,-999,-999,26,55,71,85,88,88,-999,12,26,53,76,79,80,-999,5,42,64,75,78,82,81,-999,36,54,75,79,84,85,87,84,-999,-999,-999,18,38,50,74,81,85,86,84,12,36,65,74,80,82,82,85,-999,10,46,55,71,77,86,85,-999,24,52,66,72,83,86,85,8,21,41,46,67,69,76,77,76,76,-999,18,32,60,70,78,78,1,27,54,58,57,57,79,-999,17,31,48,62,80,89,91,95
20,60,1,22,22.5,45,51,54,56,56,-999,40,54,58,59,41.2,3,36,47,57,60,60,63,-999,-999,15,36,46,54,57,58,57,56,55,-999,8,38,50,54,58,61,8,48,53,59,62,63,4,49,56,62,67,70,69,-999,-999,22,37,53,55,60,62,-999,17,28,50,59,61,60,61,-999,-999,14,41,55,65,65,67,-999,6,13,44,64,67,70,-999,1,29,54,65,69,68,68,-999,12,22,56,66,66,66,66,69,-999,-999,-999,16,41,56,72,72,74,74,74,16,40,52,59,62,64,61,85,-999,5,33,52,70,77,85,85,-999,14,39,57,65,81,85,85,-999,20,24,52,60,74,78,81,81,81,-999,21,35,55,71,78,80,-999,35,49,67,78,83,79,-999,11,29,47,57,76,87,90,93
20,70,1,24,36.5,47,51,55,57,57,-999,40,54,59,62,25.4,1,36,47,58,61,65,65,-999,-999,14,36,50,58,60,61,59,59,57,-999,1,35,49,56,60,62,10,41,50,59,59,61,18,52,59,66,72,72,71,-999,4,36,46,58,67,73,74,8,34,50,63,72,74,75,75,-999,-999,11,52,60,75,76,75,-999,15,36,61,73,76,75,-999,12,45,60,65,72,72,71,2,42,56,68,74,75,76,76,75,-999,-999,10,18,34,49,66,74,77,76,76,13,49,54,71,76,77,75,90,-999,6,31,56,71,80,89,90,-999,16,35,59,68,82,88,88,11,24,30,48,51,55,56,85,84,84,-999,16,29,47,67,75,77,-999,20,30,58,71,76,78,-999,11,29,46,56,78,89,94,97
20,80,1,27,38.5,49,53,57,58,58,-999,40,53,56,57,27,1,32,47,53,59,59,59,-999,1,15,39,46,55,55,58,55,55,52,-999,-999,30,45,48,53,58,1,43,49,55,57,63,5,46,52,58,65,65,65,-999,-999,15,34,47,56,63,63,7,19,35,53,61,66,70,68,-999,6,3,34,50,70,70,70,-999,14,22,49,63,67,68,-999,11,32,53,58,66,68,67,12,40,50,63,67,74,74,75,72,-999,-999,5,15,27,35,58,67,72,74,72,7,31,50,61,69,70,69,81,1,7,27,55,68,72,80,81,-999,17,27,56,67,75,87,79,6,19,25,36,53,63,67,69,69,68,-999,19,37,49,65,69,70,-999,20,32,60,65,67,70,-999,10,28,50,58,68,71,70,74
20,90,1,31,38,47,53,57,60,60,-999,45,55,61,63,51.2,5,36,49,60,61,64,64,-999,-999,14,34,48,58,60,60,59,58,57,-999,4,41,52,58,61,65,36,47,52,59,61,63,11,48,57,64,70,70,70,-999,3,30,40,51,59,62,64,1,38,43,54,62,65,68,70,-999,-999,14,37,46,69,69,68,-999,46,48,57,65,68,67,1,43,47,55,60,64,70,72,7,70,70,70,71,74,74,74,71,-999,-999,17,34,42,47,60,67,70,71,68,23,49,56,64,68,79,66,79,22,31.5,41,56,70,74,79,79,2,45,51,62,66,77,80,79,10,22,36,44,44,46,63,63,67,66,10,21,33,49,64,68,68,2,35,44,60,68,70,69,-999,12,35,49,57,71,78,80,81
20,100,1,33,37.5,44,50,55,57,58,-999,34,49,54,54,33.3,5,35,46,58,60,63,63,-999,-999,10,34,42,53,55,57,57,54,52,-999,10,39,50,56,58,61,7,45,51,56,60,61,5,43,54,61,65,66,67,-999,5,33,45,59,67,73,73,1,33,44,58,68,72,76,75,-999,-999,21,50,60,78,78,78,1,50,51,63,74,76,77,-999,15,52,64,69,76,77,76,15,53,61,73,78,83,83,83,81,-999,-999,2,18,39,49,67,75,80,81,78,20,47,60,70,77,78,78,85,12,28.5,45,60,70,78,85,85,14,51,55,64,70,82,84,85,13,26,48,58,61,68,73,74,74,73,9,24,36,53,66,72,74,6,47,54,66,68,76,75,-999,23,46,46,62,77,84,86,88
30,0,-999,18,33,51,57,63,64,65,-999,32,55,61,65,47.5,-999,30,47,58,62,64,67,-999,-999,-999,23,33,51,55,57,59,58,57,-999,-999,28,47,54,60,64,-999,35,47,57,58,62,1,43,55,63,70,72,73,-999,6,30,47,57,66,70,71,-999,16,28,57,66,71,75,75,-999,-999,2,35,56,75,76,78,6,25,40,63,74,79,79,-999,6,37,61,69,76,79,76,2,31,55,72,79,82,82,83,81,-999,-999,-999,20,34,43,68,78,82,83,82,16,45,64,70,80,82,81,79,10,13,39,54,66,70,78,79,9,49,53,62,74,78,80,81,18,28,36,42,50,76,72,72,69,69,13,34,42,56,67,72,72,-999,42,46,58,67,69,69,-999,12,39,48,55,70,78,86,84
30,10,-999,15,38,49,56,63,66,71,-999,52,57,70,74,43.1,-999,41,55,62,73,73,75,-999,1,18,24,51,65,68,68,69,68,67,-999,-999,33,43,62,69,75,-999,47,57,65,67,68,-999,30,59,67,76,78,77,-999,-999,25,36,58,68,75,79,-999,19,30,60,71,76,78,83,-999,-999,5,54,58,81,85,85,-999,13,27,58,75,80,81,-999,2,31,57,70,78,82,80,12,53,60,74,81,88,88,88,89,-999,-999,-999,12,28,38,63,80,85,87,86,5,30,55,70,92,85,75,82,-999,31,32,60,67,77,83,82,-999,18,36,58,66,80,84,84,9,20,30,59,61,68,76,77,76,75,-999,13,27,53,64,71,72,-999,26,44,59,64,73,74,-999,-999,23,44,54,70,80,84,86
30,20,-999,22,39.5,59,64,68,72,75,-999,48,56,69,73,33.7,-999,31,49,61,71,73,77,-999,1,18,34,46,61,64,67,67,65,65,-999,-999,31,50,59,65,72,-999,40,52,63,63,70,1,44,59,70,79,81,81,-999,-999,40,44,56,67,73,76,1,23,45,59,71,75,79,80,-999,-999,11,37,50,75,85,85,-999,11,26,52,71,75,75,-999,3,36,54,65,72,76,75,14,44,56,71,77,83,83,84,83,-999,-999,4,17,34,50,67,76,80,82,81,11,57,64,73,79,81,80,92,-999,14,35,66,80,82,89,92,-999,24,35,62,76,76,90,91,17,26,42,61,71,79,86,88,88,88,-999,14,27,65,77,82,85,-999,27,51,70,80,84,81,-999,10,27,50,65,80,90,94,90
30,30,1,21,41.5,51,61,65,69,70,-999,50,60,70,73,29.9,-999,31,51,66,67,72,73,-999,1,14,33,50,60,62,66,64,64,62,-999,-999,35,53,60,67,71,-999,38,53,62,68,68,2,48,58,68,75,76,79,-999,2,27,48,61,72,76,77,1,21,32,63,73,77,79,81,-999,-999,-999,27,55,80,83,82,-999,16,30,64,67,81,82,-999,9,38,65,73,79,82,82,-999,21,49,73,80,85,86,87,85,-999,-999,11,23,34,43,73,83,87,88,88,6,32,61,74,82,83,84,90,-999,6,31,62,74,83,89,90,-999,21,38,68,75,81,90,90,10,23,34,55,68,76,82,85,85,85,4,20,33,67,75,81,83,-999,26,37,69,79,81,83,-999,8,28,54,65,79,88,92,95
30,40,-999,19,43,49,57,63,67,67,-999,51,60,72,75,30.8,-999,31,51,67,71,75,77,-999,-999,17,34,48,62,65,67,67,67,65,-999,-999,32,51,59,68,72,-999,43,59,66,69,71,16,52,64,74,80,82,84,-999,-999,26,47,61,72,75,74,8,29,48,63,75,79,81,82,-999,-999,20,54,64,85,90,87,-999,22,41,61,76,83,83,-999,-999,41,55,68,76,80,79,-999,27,67,71,79,83,84,85,84,-999,-999,9,24,41,53,69,77,84,85,85,11,44,63,72,80,83,83,90,-999,1,27,58,70,82,88,90,-999,16,36,64,73,84,89,91,7,18,28,49,60,71,79,82,81,80,5,19,41,60,73,79,82,-999,29,48,67,77,80,80,-999,13,32,54,61,78,87,91,95
30,50,12,29,40,52,59,65,67,67,-999,50,61,67,76,39.7,-999,36,50,67,67,73,74,-999,2,18,34,49,62,65,65,69,67,65,-999,1,34,51,60,65,70,-999,43,56,63,69,72,1,45,57,67,73,76,77,-999,1,24,41,62,71,76,81,3,21,32,68,78,82,87,89,-999,-999,13,55,70,88,93,94,-999,16,28,76,83,86,87,-999,1,30,60,73,82,84,83,-999,17,38,70,80,85,86,87,86,-999,-999,8,20,32,42,70,80,84,87,86,10,32,64,74,84,85,85,89,-999,3,39,56,73,82,88,89,-999,15,49,67,74,86,89,89,7,21,40,55,64,74,82,84,83,81,-999,15,30,57,70,78,78,-999,27,52,66,75,81,80,-999,12,28,52,60,80,87,92,94
30,60,1,32,39,44,51,55,57,57,-999,43,55,60,64,28.6,1,37,46,61,62,64,67,-999,-999,15,43,47,57,59,61,60,58,58,-999,-999,31,47,53,61,62,-999,48,56,61,66,64,2,46,55,64,68,70,73,-999,15,45,56,70,81,87,90,17,45,63,74,82,84,92,94,-999,-999,22,68,78,94,96,96,2,27,61,77,88,91,91,-999,40,65,76,86,90,92,92,-999,67,74,84,91,94,94,93,93,-999,-999,12,25,49,70,80,89,93,95,93,26,59,74,85,92,94,93,90,-999,-999,33,59,73,83,89,90,-999,15,36,61,71,84,88,90,14,29,41,52,63,74,82,84,84,83,-999,12,27,51,68,76,78,-999,29,42,62,75,78,80,-999,8,28,48,56,67,90,93,96
30,70,13,31,37,44,52,53,57,57,-999,46,58,63,66,33.9,8,38,50,58,63,63,67,-999,1,15,42,52,61,63,62,62,61,59,-999,8,42,55,57,65,66,8,48,56,63,65,66,5,47,59,67,72,75,76,-999,4,40,52,59,66,69,69,1,16,43,57,70,70,69,70,-999,14,20,54,60,71,72,72,1,17,40,60,71,72,74,-999,5,44,57,62,69,71,71,2,42,54,67,74,76,76,74,71,-999,-999,5,13,30,48,64,72,75,75,73,13,45,62,71,74,75,74,90,-999,-999,33,59,74,81,89,90,-999,20,34,64,69,85,89,90,17,28,36,56,64,74,80,85,84,85,-999,16,30,60,73,79,82,-999,20,33,61,72,78,77,-999,9,32,54,60,80,88,93,97
30,80,0.5,20,34,45,50,52,54,54,-999,41,54,57,59,27.9,4,35,49,57,58,62,63,-999,1,14,39,50,58,58,60,59,58,57,-999,5,39,49,54,57,60,2,47,50,56,59,60,10,49,56,61,65,68,67,-999,3,23,45,55,63,69,71,-999,14,39,56,67,71,74,74,-999,-999,-999,30,55,74,76,74,2,16,32,58,70,71,73,-999,14,46,58,66,70,73,71,29,49,56,70,75,78,80,79,77,-999,-999,4,16,25,37,65,72,77,77,73,13,35,58,69,74,76,75,79,7,7,47,64,75,75,73,79,-999,21,42,62,72,84,88,89,10,21,44,35,47,73,78,83,80,80,-999,15,41,63,73,81,81,-999,15,39,64,74,77,73,-999,12,42,44,65,80,89,88,88
30,90,0.5,15,34.5,48,54,55,55,55,-999,44,53,57,61,47.5,4,37,50,59,59,62,63,-999,-999,7,28,46,55,57,59,57,57,56,-999,4,40,52,56,57,61,5,49,54,59,59,62,8,51,58,61,65,66,67,-999,-999,23,32,50,59,66,65,1,18,36,53,64,67,70,71,-999,-999,-999,32,45,69,72,72,-999,6,22,49,64,66,69,-999,5,30,53,59,66,69,65,4,31,42,62,69,73,74,74,74,-999,-999,5,17,26,40,59,67,73,74,73,26,42,57,66,75,75,73,79,13,30,47,61,74,77,77,79,7,43,58,69,74,75,85,82,14,37,46,55,57,68,74,74,73,69,11,27,39,56,67,72,70,5,42,51,64,72,75,71,-999,20,46,38,62,76,77,76,70
30,100,-999,14,28.5,43,48,48,49,52,-999,33,46,50,50,36.7,-999,35,45,49,51,55,57,-999,-999,7,24,35,48,49,56,51,50,50,-999,6,25,45,48,48,51,-999,38,43,47,50,51,-999,36,47,51,55,57,59,-999,1,22,40,52,63,70,70,-999,11,41,53,65,72,75,74,-999,-999,20,48,55,76,77,79,-999,37,39,54,71,72,72,-999,16,43,56,65,72,75,74,16,48,56,67,74,78,79,82,79,-999,-999,4,17,36,47,64,74,78,81,80,27,50,65,64,80,80,79,77,8,24,36,56,73,75,76,77,10,29,53,64,68,83,82,78,10,21,32,45,54,61,71,74,73,64,8,20,43,57,64,68,68,3,25,50,61,78,79,73,-999,8,29,26,55,70,72,76,76
40,0,8,31,41,48,53,59,59,59,-999,34,49,60,62,37.2,1,30,46,53,62,62,70,-999,5,23,32,42,56,58,59,59,59,57,-999,-999,34,43,54,61,65,-999,41,47,61,64,69,20,52,60,71,78,85,90,-999,15,41,50,62,74,75,76,-999,25,42,60,74,75,79,78,-999,-999,6,47,59,80,80,82,-999,37,37,49,68,75,75,-999,1,35,49,62,73,75,74,9,43,52,70,77,83,85,85,84,-999,-999,-999,17,44,51,64,74,81,83,81,3,39,60,70,79,81,80,88,-999,22,35,68,73,81,85,88,14,37,51,67,73,83,86,88,10,21,38,54,63,82,78,78,77,76,8,18,37,59,72,78,78,7,25,50,68,76,80,79,-999,1,20,42,51,72,82,85,89
40,10,1,35,39,46,51,58,60,60,-999,35,50,58,62,54.1,-999,31,46,54,66,66,68,-999,1,20,34,46,56,60,63,62,58,55,-999,-999,37,47,57,61,66,-999,44,49,57,64,66,8,48,53,67,74,76,55,-999,7,29,46,61,73,80,79,-999,19,31,60,75,81,82,83,-999,-999,2,52,55,84,85,85,-999,20,32,62,76,83,84,-999,5,29,59,74,80,82,83,6,33,61,76,76,78,80,91,91,-999,-999,-999,16,34,43,60,80,85,89,89,2,28,64,75,84,86,88,93,-999,17,34,66,79,87,90,93,-999,26,46,73,80,89,92,92,19,28,40,59,68,76,84,84,83,82,4,22,43,64,76,83,84,2,26,44,69,79,84,83,-999,6,27,56,63,79,88,93,95
40,20,0.5,12,39,50,54,58,61,61,-999,43,53,61,65,55,-999,30,51,62,64,68,69,-999,2,14,31,48,59,61,63,64,62,61,-999,-999,28,48,55,61,65,-999,42,54,61,62,66,2,49,57,66,75,76,78,-999,8,32,43,59,68,76,78,-999,19,39,58,71,75,80,81,-999,-999,-999,45,55,80,83,83,-999,19,42,62,76,81,83,-999,2,46,61,71,77,81,80,6,51,60,74,80,85,87,88,86,-999,-999,12,23,40,53,72,83,86,89,88,7,36,59,72,79,81,81,85,-999,37,35,56,68,79,85,85,-999,23,52,66,74,76,89,90,12,28,35,47,61,72,79,81,80,79,7,20,34,55,73,79,80,-999,21,49,65,76,79,78,-999,5,25,50,57,77,86,89,92
40,30,-999,1,28,44,53,57,60,62,-999,41,55,62,70,38.2,-999,35,48,65,66,70,71,-999,-999,18,32,48,60,63,65,65,63,61,-999,-999,29,49,57,63,68,-999,39,52,62,66,68,12,52,60,68,76,78,78,-999,4,31,42,62,70,79,81,-999,23,43,62,75,81,86,93,-999,-999,14,59,62,84,86,87,-999,13,26,59,76,82,83,-999,-999,36,62,69,77,80,81,-999,35,49,70,77,84,85,88,85,-999,-999,10,22,35,52,70,81,86,88,90,8,33,58,74,83,84,85,85,-999,7,28,54,72,77,85,85,-999,16,47,58,67,83,87,87,16,26,46,60,68,76,82,85,84,84,-999,22,37,58,71,78,80,-999,27,48,65,75,77,77,-999,5,26,53,61,74,85,89,90
40,40,0.5,18,41,49,55,62,63.5,63.5,-999,43,57,67,71,34,-999,34,49,66,70,70,75,-999,-999,20,49,54,68,68,68,69,68,66,-999,1,41,51,60,68,73,-999,49,52,66,71,71,3,53,61,71,80,80,81,-999,7,35,50,62,72,78,80,3,28,37,62,75,79,84,85,-999,-999,10,46,60,85,86,88,-999,9,24,54,74,80,80,-999,-999,35,61,69,76,79,79,-999,39,54,70,77,83,83,84,83,-999,-999,3,24,35,45,69,79,84,86,85,13,35,62,74,83,85,84,89,-999,1,33,60,67,80,89,89,-999,17,33,57,66,81,86,87,-999,16,28,44,56,68,75,77,76,76,6,23,38,59,71,79,80,-999,21,36,63,73,79,78,-999,15,32,50,54,78,86,91,93
40,50,1,17,35,42,49,57,60,63,-999,43,57,61,64,37,4,36,49,66,66,68,70,-999,-999,13,34,45,58,61,63,61,60,59,-999,-999,29,49,57,61,67,5,46,58,64,66,67,-999,44,56,65,70,71,70,-999,1,28,42,59,71,80,83,8,26,41,58,76,78,87,89,-999,-999,21,55,65,88,91,90,-999,20,38,65,80,86,87,-999,10,47,61,71,79,83,81,-999,60,60,71,80,86,88,88,87,-999,-999,9,22,36,56,69,80,85,89,87,23,47,64,76,86,88,89,80,-999,-999,46,51,67,75,80,80,-999,21,48,59,66,78,81,81,8,24,46,52,58,69,77,80,79,78,-999,19,42,54,68,74,75,-999,25,46,61,70,74,73,-999,7,46,43,57,74,82,85,86
40,60,12,34,41,48,53,56,58,59,-999,43,57,60,60,46.8,5,40,49,56,60,60,61,-999,1,11,30,47,54,56,55,53,53,51,-999,3,36,47,51,55,56,4,42,50,52,59,64,12,46,54,58,64,66,65,-999,3,23,35,53,63,69,71,5,18,35,52,65,70,75,75,-999,-999,36,50,60,81,82,80,-999,34,46,61,74,79,80,-999,13,46,60,72,77,77,77,11,55,59,68,75,79,80,80,79,-999,-999,11,25,36,52,67,74,79,81,80,22,43,57,69,77,79,76,88,-999,-999,44,57,73,81,86,88,-999,17,48,63,70,84,87,89,15,25,45,53,62,74,77,82,82,81,-999,23,40,60,74,81,81,-999,28,47,66,76,80,79,-999,13,33,49,60,78,87,92,94
40,70,2,29,44.5,52,54,55,57,60,-999,42,54,57,59,36.5,2,44,50,57,61,68,70,-999,3,15,40,53,65,65,65,65,62,61,-999,16,49,61,68,71,73,5,65,67,67,67,67,31,65,72,73,78,79,71,-999,4,25,36,43,53,52,55,1,6,33,44,41,55,55,55,-999,-999,20,38,48,61,61,61,-999,32,49,52,55,58,59,-999,2,34,59,58,59,60,59,-999,29,45,59,63,66,66,66,65,-999,-999,14,8,27,43,50,57,64,64,65,8,39,50,55,60,60,58,90,-999,-999,35,51,71,79,90,90,-999,18,37,56,64,81,87,88,14,25,33,54,65,74,82,84,84,84,-999,17,35,51,68,77,80,-999,20,36,59,71,78,75,-999,11,27,48,57,78,87,92,95
40,80,-999,21,39,46,50,51,51,51,-999,38,47,50,55,33.1,10,41,47,52,53,53,53,-999,8,14,27,44,49,51,53,52,52,52,-999,4,33,44,48,50,54,3,43,47,50,53,53,15,45,45,52,54,54,53,-999,-999,15,38,50,55,60,62,-999,11,35,51,60,65,65,65,-999,-999,12,39,51,69,79,78,-999,32,45,57,69,71,71,-999,5,38,52,57,62,63,60,4,43,50,58,64,68,68,68,67,-999,-999,2,11,29,44,55,63,69,68,68,7,32,55,61,69,70,66,85,15,34,53,64,73,80,85,85,15,52,60,72,77,85,88,84,18,39,50,56,60,72,78,80,77,77,9,28,44,61,74,78,77,-999,36,51,66,74,77,77,-999,46,48,58,62,77,85,86,86
40,90,-999,10,32.5,49,55,58,59,60,-999,40,55,61,65,40.1,3,39,51,65,65,70,71,-999,-999,7,27,47,59,59,62,61,61,60,-999,6,35,50,57,60,65,1,49,56,62,63,68,9,52,59,66,72,74,73,-999,-999,20,42,54,62,69,69,-999,20,35,54,65,69,71,71,-999,-999,16,44,56,75,75,75,-999,23,40,60,71,74,73,-999,-999,35,52,60,68,70,68,2,36,53,73,73,75,75,74,73,-999,-999,1,11,26,39,60,71,75,76,73,12,44,57,65,74,74,73,82,8,10,52,60,73,76,82,82,45,50,58,69,73,82,84,85,18,35,35,59,63,71,77,77,77,74,9,27,41,56,68,73,73,15,42,50,65,75,75,71,-999,10,38,52,58,73,82,82,85
40,100,1,12,35.5,48,51,55,56,58,-999,36,50,57,59,27.9,4,40,50,61,61,65,67,-999,-999,8,34,42,55,57,58,59,58,49,-999,1,36,48,54,57,62,-999,41,48,56,60,61,12,48,56,62,66,68,68,-999,1,17,38,46,56,61,63,1,16,39,51,60,64,66,65,-999,-999,6,35,50,68,70,69,-999,15,31,48,64,66,67,-999,8,35,48,56,63,65,63,-999,21,41,60,65,70,71,69,70,-999,-999,8,20,27,55,59,66,70,72,71,16,41,55,61,70,71,71,88,13,31.5,50,49,74,86,90,88,12,34,59,76,81,90,91,89,15,24,27,51,62,63,64,79,77,76,8,26,44,65,76,81,80,-999,25,46,70,78,80,79,-999,22,46,40,67,80,84,86,89
50,0,-999,18,40.5,49,53,61,64,64,-999,40,51,61,66,38.8,-999,31,46,57,66,68,69,-999,3,20,43,51,62,65,66,66,64,63,-999,-999,30,46,57,64,69,-999,35,46,58,65,68,47,53,60,69,75,76,76,-999,1,42,48,62,73,77,77,-999,20,47,60,74,79,82,83,-999,-999,64,64,66,85,88,86,-999,2,56,60,68,76,76,-999,7,30,55,65,73,77,75,-999,59,64,75,81,85,85,84,86,-999,-999,18,26,35,44,60,75,81,84,82,-999,40,58,71,80,83,82,87,19,24,52,65,72,82,86,87,4,25,48,64,72,80,82,84,5,20,36,48,55,73,74,76,74,73,4,20,40,60,69,75,75,6,37,54,67,76,77,77,-999,13,44,56,60,77,83,86,87
50,10,-999,32,37.5,44,48,55,57,57,-999,35,52,57,61,34.1,-999,30,47,61,63,64,66,-999,1,14,38,48,60,62,62,62,61,60,-999,-999,31,47,55,61,65,-999,37,51,59,63,64,-999,48,56,65,72,75,73,-999,-999,20,39,55,67,74,75,-999,17,43,61,72,77,70,80,-999,-999,46,54,62,81,84,84,-999,15,41,64,75,79,80,-999,-999,42,59,68,74,78,77,-999,52,56,70,77,82,83,84,81,-999,-999,8,20,51,55,69,78,83,85,84,10,43,60,66,81,82,81,89,-999,22,59,64,76,82,88,89,-999,21,53,64,71,83,86,88,17,38,50,56,66,74,80,82,80,80,-999,19,40,59,73,79,81,-999,29,55,67,76,80,80,-999,12,50,55,62,78,86,91,94
50,20,-999,6,20.5,39,49,55,56,56,-999,39,49,61,63,52.4,7,38,53,59,66,69,70,-999,1,19,37,52,62,64,65,64,62,59,-999,-999,37,50,57,63,67,-999,41,50,64,64,65,-999,46,59,68,75,77,76,-999,3,25,45,60,71,78,79,-999,20,53,65,75,78,82,84,-999,-999,-999,46,58,80,84,84,-999,15,38,62,76,80,80,-999,-999,51,60,70,76,77,77,-999,51,56,70,78,83,84,85,83,-999,-999,1,15,43,52,66,76,82,85,84,16,41,64,75,80,83,83,87,-999,17,32,57,74,80,85,87,-999,17,35,61,70,81,85,85,5,18,30,44,57,69,77,79,78,78,-999,13,29,56,73,76,78,-999,18,31,63,71,75,74,-999,7,26,47,58,73,81,79,87
50,30,-999,13,39,45,53,58,58,58,-999,39,52,60,61,55.1,-999,36,46,61,65,67,69,-999,15,15,32,47,59,59,62,61,60,58,-999,-999,32,45,53,61,64,-999,37,49,59,63,65,2,53,60,68,75,76,75,-999,3,24,45,59,69,76,77,-999,16,46,59,72,77,79,81,-999,-999,14,52,62,83,86,89,-999,16,37,62,76,81,82,-999,2,44,57,69,77,81,79,-999,50,56,71,80,85,85,86,84,-999,-999,7,19,38,51,69,78,84,86,85,10,33,61,74,80,83,80,90,-999,10,27,55,76,83,90,90,-999,12,29,62,73,83,87,89,11,23,32,51,53,74,83,86,84,85,-999,16,29,65,71,78,80,-999,25,38,65,75,75,77,-999,-999,17,45,57,75,83,87,91
50,40,1,14,31,42,48,55,59,60,-999,42,55,62,66,35.5,3,34,47,63,65,67,70,-999,12,14,34,42,55,59,61,61,60,59,-999,-999,36,46,55,61,64,-999,40,48,62,65,68,15,51,59,68,71,72,73,-999,4,30,40,57,68,72,75,7,24,46,60,71,75,79,80,-999,-999,55,58,63,80,85,85,-999,8,23,58,71,76,76,-999,5,47,57,68,74,78,77,3,55,59,72,76,83,84,84,84,-999,-999,-999,14,28,45,62,72,76,80,79,7,55,60,71,76,80,78,90,-999,-999,38,61,70,82,88,90,-999,17,53,63,69,84,88,88,-999,14,25,53,63,72,77,79,78,77,-999,20,46,54,69,77,80,-999,26,46,64,76,80,80,-999,4,27,45,54,74,85,87,92
50,50,-999,13,38.5,45,54,57,60,60,-999,42,57,62,65,45.5,-999,36,51,63,66,68,70,-999,14,15,34,47,61,62,64,63,62,61,-999,8,39,51,58,65,68,5,45,54,62,65,66,8,44,57,67,73,75,74,-999,5,32,42,57,68,75,77,-999,20,44,59,73,76,82,82,-999,-999,14,54,64,83,85,85,-999,55,61,69,79,83,84,-999,15,50,62,70,78,79,78,7,54,58,73,79,84,84,85,83,-999,-999,9,21,48,53,68,77,82,84,82,19,49,66,75,84,84,84,85,-999,1,51,61,72,80,84,85,-999,15,50,61,70,81,85,85,13,37,45,55,60,70,77,81,77,78,-999,18,31,56,70,77,78,-999,25,50,67,76,80,79,-999,4,22,43,56,76,86,85,91
50,60,1,33,47,52,55,57,59,59,-999,46,57,58,60,37.5,9,47,51,60,60,65,66,-999,14,15,38,50,55,58,58,58,57,55,-999,5,41,51,52,56,58,-999,44,49,55,56,57,5,50,54,60,65,67,63,-999,2,34,43,51,60,67,69,11,34,48,60,69,71,71,74,-999,-999,23,50,60,74,75,75,-999,27,40,55,69,73,73,-999,16,44,56,74,68,69,69,-999,41,53,65,74,76,76,76,74,-999,-999,13,14,34,49,62,69,73,73,73,9,40,55,65,73,72,71,78,-999,-999,24,52,67,75,79,78,-999,16,43,57,67,78,78,78,13,29,38,45,54,65,72,74,74,73,-999,17,34,54,68,72,74,-999,15,34,67,68,70,69,-999,-999,22,43,54,70,76,79,81
50,70,16,34,43.5,49,49,50,50,50,-999,39,50,54,54,35.4,6,37,40,53,57,58,58,-999,7,16,37,47,54,55,57,57,55,54,-999,4,36,49,57,57,59,12,48,48,58,60,60,16,50,56,61,63,65,65,-999,6,24,41,53,61,65,69,9,18,44,58,67,70,75,74,-999,-999,8,40,55,76,79,78,-999,14,26,46,68,69,70,-999,18,46,58,69,72,74,72,-999,33,48,71,76,77,78,77,76,-999,-999,14,20,46,54,66,74,78,79,78,13,50,58,71,75,76,76,91,-999,-999,37,60,71,83,89,91,-999,24,46,61,71,84,89,90,4,16,23,44,57,69,77,80,80,79,-999,19,31,56,71,78,80,-999,19,31,60,71,77,79,-999,14,30,47,59,78,88,90,91
50,80,1,21,33.5,39,42,43,45,49,-999,35,42,45,47,36.1,8,35,40,47,47,49,49,-999,-999,22,32,39,43,44,45,47,43,42,-999,1,27,36,40,43,46,-999,36,38,42,44,44,15,34,38,45,45,45,46,-999,7,27,35,40,42,45,46,4,19,33,41,45,45,48,46,-999,-999,8,32,41,48,48,48,-999,14,23,38,46,47,49,-999,3,36,38,43,47,46,46,-999,36,37,45,49,51,51,51,51,-999,-999,3,15,33,37,44,47,50,57,57,13,34,41,45,49,47,47,80,9,28,47,61,65,75,80,80,-999,23,49,61,66,74,73,72,10,20,30,44,52,60,67,67,67,66,11,27,47,57,68,72,71,-999,25,48,61,69,72,71,-999,13,30,51,56,71,76,78,79
50,90,-999,18,39,46,53,57,59,61,-999,43,53,59,61,45.9,3,39,50,61,62,66,68,-999,1,7,38,46,56,58,58,57,56,54,-999,-999,37,49,55,58,61,5,48,50,58,59,62,5,50,56,63,66,68,69,-999,-999,22,43,55,64,68,68,-999,20,47,54,66,67,69,70,-999,-999,15,48,55,73,75,73,-999,20,48,58,70,74,75,-999,4,43,56,63,69,71,70,-999,46,54,67,74,78,78,77,76,-999,-999,1,15,32,45,61,70,74,76,76,14,44,60,70,75,76,76,84,13,13,51,63,74,79,82,84,21,50,57,69,73,82,83,83,15,27,52,61,61,71,75,76,76,71,7,25,44,59,69,75,75,8,44,56,68,77,76,74,-999,17,41,52,58,76,79,81,82
50,100,0.5,16,41,50,56,58,61,62,1,42,59,62,65,26,12,44,55,63,65,67,70,-999,-999,12,30,47,60,61,60,60,58,57,-999,6,43,54,58,62,63,5,48,53,63,65,65,14,55,60,66,70,70,72,-999,1,22,44,57,66,70,72,7,21,52,62,70,74,74,74,-999,-999,23,55,61,76,77,76,-999,10,26,55,66,70,70,-999,9,46,57,64,68,72,70,-999,28,55,68,76,79,79,78,77,-999,-999,7,17,32,47,65,75,76,77,75,16,42,60,70,75,76,75,85,12,21,52,66,75,80,83,85,13,58,64,75,79,86,88,88,19,34,44,44,45,74,78,78,78,75,7,25,36,53,67,73,73,12,47,54,68,75,78,76,-999,46,51,50,68,-999,73,75,88
60,0,-999,10,28,42,51,58,60,61,-999,41,55,61,65,46.9,3,32,50,63,66,69,71,-999,8,19,36,49,60,62,63,65,64,61,-999,-999,33,50,58,65,68,-999,39,57,62,66,68,10,50,60,68,73,74,74,-999,1,30,42,57,66,66,78,-999,24,45,58,66,66,81,83,-999,-999,10,51,61,85,85,83,-999,15,43,59,75,79,80,-999,9,46,60,70,78,80,78,-999,43,54,70,78,83,85,84,83,-999,-999,10,20,43,49,67,77,81,84,83,13,39,58,70,80,82,63,75,-999,20,32,54,60,73,75,75,-999,17,35,57,63,73,75,75,5,15,23,40,51,65,65,66,66,66,-999,20,38,54,63,67,68,-999,23,40,57,73,66,70,-999,17,42,53,58,71,75,81,88
60,10,1,20,45.7,51,57,63,67,68,-999,43,53,63,65,35.8,1,32,53,65,70,72,74,-999,10,17,32,51,62,65,66,67,66,66,-999,-999,31,53,61,67,71,-999,44,56,64,68,68,27,58,67,75,80,80,83,-999,-999,26,39,55,67,75,76,-999,18,40,55,70,73,78,79,-999,-999,1,41,54,79,82,82,-999,5,20,54,71,76,77,-999,2,44,59,68,75,76,75,-999,21,54,71,76,82,83,83,84,-999,-999,8,16,30,46,70,76,82,85,85,11,39,60,71,81,83,81,88,-999,17,59,65,73,80,85,88,-999,21,60,70,75,84,87,85,11,33,50,58,65,74,80,81,79,79,-999,16,35,54,67,74,75,13,49,56,69,68,80,79,-999,7,25,52,59,75,84,86,89
60,20,-999,14,34.5,44,51,56,57,57,-999,34,47,57,61,39.6,9,35,48,62,64,66,68,-999,8,23,47,53,61,63,65,65,63,63,-999,-999,30,47,57,61,65,-999,44,48,62,65,66,18,49,58,67,73,75,76,-999,1,22,44,60,68,77,79,-999,20,42,60,74,79,84,85,-999,-999,-999,46,55,84,85,85,-999,-999,18,51,68,74,76,-999,-999,35,60,67,74,78,77,-999,50,54,72,80,86,87,88,87,-999,-999,3,17,33,46,66,77,82,84,83,20,40,62,75,81,86,86,70,-999,11,24,49,61,70,72,70,-999,16,27,53,62,77,81,82,4,10,15,22,45,55,63,62,61,63,-999,6,17,43,58,64,63,-999,13,26,49,65,67,67,-999,-999,18,44,52,64,68,71,72
60,30,1,18,41.5,49,56,61,64,64,-999,36,51,61,64,33.5,10,41,53,66,66,71,73,-999,1,21,47,51,63,64,68,67,65,65,-999,1,33,49,58,65,69,-999,41,53,62,67,70,16,52,62,70,74,76,77,-999,6,28,46,60,72,79,80,-999,21,44,62,75,80,82,85,-999,-999,10,50,62,85,89,88,-999,15,29,57,74,81,82,-999,4,44,59,70,79,74,72,-999,46,48,70,78,84,86,88,86,-999,-999,1,17,33,47,69,80,86,89,88,12,53,60,74,83,85,84,97,-999,3,60,74,86,93,91,97,-999,24,68,79,85,94,97,96,15,41,60,69,74,82,89,90,89,88,5,24,44,65,79,87,87,-999,27,55,74,75,86,86,-999,-999,-999,-999,-999,-999,-999,-999,-999
60,40,-999,23,41.5,50,57,62,65,68,-999,48,61,66,70,47.8,-999,37,51,65,69,70,72,-999,13,27,46,57,65,68,69,69,67,66,-999,-999,33,53,59,66,69,-999,46,56,66,68,70,13,50,58,70,74,76,76,-999,8,36,46,62,73,80,85,-999,22,48,63,76,81,82,85,-999,-999,-999,50,60,85,88,88,-999,22,45,64,78,82,84,-999,10,47,63,74,80,74,74,-999,55,62,76,82,88,90,89,88,-999,-999,5,21,37,51,75,82,86,89,89,17,46,67,77,86,87,86,82,-999,3,40,56,68,77,82,82,-999,20,46,59,65,78,82,81,8,27,37,43,58,70,76,77,76,74,6,19,33,51,65,73,74,-999,37,45,64,62,75,76,-999,8,26,46,55,70,80,87,85
60,50,1,20,47,55,62,67,70,71,-999,46,63,70,73,35.8,-999,40,51,68,70,73,75,-999,11,24,46,53,64,66,69,68,68,67,-999,10,35,53,59,67,71,-999,45,59,67,70,71,12,49,61,69,75,80,81,-999,5,25,42,57,67,70,70,-999,5,22,56,67,70,73,75,-999,-999,14,47,60,75,76,76,-999,12,21,53,67,72,74,-999,15,46,61,69,73,74,73,7,37,44,64,73,75,75,75,75,-999,-999,7,22,38,52,67,74,77,77,77,8,36,55,68,75,76,75,74,-999,9,38,53,63,71,75,74,-999,19,40,57,64,75,76,78,12,25,35,44,50,59,67,69,67,66,5,22,38,54,61,67,67,-999,26,46,58,67,68,67,-999,10,28,48,54,66,74,75,76
60,60,-999,8,41,42,51,53,57,59,-999,39,51,56,60,37.7,6,35,46,59,60,62,64,-999,3,20,33,42,55,56,59,56,56,54,-999,1,28,45,51,57,60,-999,41,50,58,58,57,14,43,55,61,66,69,71,-999,3,34,44,53,63,66,66,13,36,46,57,66,66,70,69,-999,-999,4,42,54,72,72,70,-999,12,39,52,63,67,68,-999,6,39,54,60,65,67,66,-999,44,47,59,65,71,72,69,69,-999,-999,7,14,30,48,61,69,72,72,71,10,39,55,61,69,70,69,72,-999,2,27,51,59,71,70,72,-999,18,44,59,64,73,74,74,10,21,32,41,48,58,64,66,64,64,-999,14,32,51,60,65,65,-999,18,40,55,73,65,63,-999,7,27,44,49,64,70,72,74
60,70,-999,24,34.5,42,43,45,47,47,-999,39,48,51,51,35.6,2,32,39,47,49,54,55,-999,1,10,28,37,44,44,46,44,44,42,-999,3,29,38,41,45,46,-999,32,39,48,49,49,2,40,44,50,50,52,53,-999,25,48,61,66,68,74,75,2,27,49,64,73,76,80,80,-999,-999,24,60,65,80,83,83,-999,18,42,62,75,79,81,-999,36,62,74,79,83,85,84,-999,58,64,77,83,84,85,85,85,-999,-999,9,20,46,61,76,83,87,89,87,20,54,67,76,85,85,85,81,-999,17,41,58,67,75,80,81,-999,35,51,64,70,80,83,84,7,17,44,53,56,66,72,74,73,73,-999,22,41,64,70,76,77,7,33,55,67,85,76,75,-999,10,28,50,57,74,81,85,85
60,80,-999,1,32,45,49,53,56,56,-999,37,50,55,56,25.5,11,44,50,57,57,60,62,-999,14,25,35,44,51,53,55,55,52,51,-999,2,36,47,52,53,54,1,43,49,52,53,55,-999,40,48,54,56,61,61,-999,6,31,42,48,55,55,55,-999,20,44,48,54,55,59,58,-999,-999,-999,35,54,62,62,61,-999,14,33,44,53,56,55,-999,10,41,49,51,58,58,58,-999,24,43,52,60,63,63,60,58,-999,-999,-999,13,33,47,51,57,57,61,60,25,48,48,52,58,61,60,77,-999,-999,41,55,65,71,77,77,9,24,51,60,63,76,76,76,2,15,27,41,49,59,66,68,67,66,7,28,45,56,65,69,72,-999,19,39,57,60,70,65,-999,12,38,48,52,64,73,75,75
60,90,-999,20,35.5,48,53,56,58,60,-999,42,55,59,63,27.9,11,43,51,61,62,66,69,-999,2,9,31,47,55,57,58,57,57,56,-999,2,40,50,55,59,63,2,38,52,57,59,62,3,49,55,61,65,69,67,-999,-999,17,45,57,65,73,74,1,18,48,59,70,75,78,78,-999,-999,7,54,62,81,82,82,-999,7,19,55,66,71,72,-999,7,47,60,65,70,73,71,-999,17,45,64,70,75,76,76,74,-999,-999,-999,10,31,58,65,73,78,79,79,18,51,63,74,78,81,80,80,12,11,47,60,69,75,81,80,15,45,53,68,71,81,83,84,14,25,42,54,57,66,71,71,71,69,9,26,37,53,64,68,70,1,35,46,61,69,71,68,-999,23,40,52,60,72,80,84,84
60,100,-999,1,15.5,38,44,48,51,51,-999,37,48,50,51,18.5,6,34,41,52,53,55,58,-999,6,7,25,39,47,50,51,50,50,46,-999,-999,21,42,45,49,52,-999,39,42,50,53,55,8,44,49,55,60,62,63,-999,-999,18,40,53,63,68,67,3,24,41,56,66,68,70,72,-999,-999,-999,37,53,72,72,72,-999,7,27,53,64,68,71,-999,5,41,55,64,70,72,71,-999,21,43,63,69,74,74,74,74,-999,-999,5,16,31,48,64,73,77,79,78,27,42,59,70,73,75,73,90,9,12,49,66,69,85,90,90,8,26,53,67,73,84,87,88,2,12,25,44,54,64,73,73,71,69,6,22,35,58,67,72,74,7,37,52,66,66,77,77,-999,19,45,56,59,77,86,87,89
70,0,-999,12,30,47,52,55,58,58,8,49,57,59,62,51.1,1,34,47,59,59,63,66,-999,12,19,36,49,56,60,63,59,59,57,-999,-999,27,48,54,58,61,-999,47,54,59,60,62,9,48,56,61,67,69,68,-999,-999,23,33,58,66,73,76,-999,11,25,40,65,70,76,87,-999,-999,-999,22,36,71,76,77,-999,15,24,44,67,73,74,-999,-999,26,55,64,70,75,75,-999,16,32,56,69,75,77,78,75,-999,-999,-999,13,24,37,62,71,77,79,79,-999,25,55,65,75,79,79,77,-999,34,35,52,66,72,79,77,-999,15,42,60,66,74,77,78,3,19,37,51,57,67,72,73,72,71,6,24,41,55,65,71,72,2,41,46,61,69,71,71,-999,20,44,54,58,73,79,82,84
70,10,-999,11,27,46,53,57,60,62,-999,41,53,58,61,45.6,4,36,48,58,63,66,68,-999,7,21,35,49,60,62,65,64,64,63,-999,-999,30,49,56,63,67,-999,43,51,60,64,65,10,54,59,67,74,76,78,-999,-999,22,37,53,72,80,73,-999,18,31,64,77,82,88,89,-999,-999,-999,22,54,80,86,86,-999,10,22,57,75,81,82,-999,10,41,54,67,75,80,79,-999,25,51,70,76,84,86,87,86,-999,-999,4,17,31,42,65,75,82,86,86,15,44,62,75,84,87,86,70,-999,21,33,50,64,66,71,70,-999,21,44,54,61,71,73,76,14,24,37,50,51,64,70,70,67,67,6,18,38,51,59,66,67,4,38,44,58,65,67,66,-999,8,28,48,50,63,70,73,74
70,20,-999,12,28.5,41,48,54,56,58,-999,40,51,58,61,54,8,35,47,61,63,67,67,-999,1,19,41,50,60,61,62,62,60,57,-999,7,39,52,58,62,66,6,45,52,62,63,64,38,57,63,70,73,75,77,-999,-999,26,34,59,72,73,85,-999,23,36,62,77,83,90,90,-999,-999,4,31,57,85,90,98,-999,9,22,55,74,80,81,-999,11,39,61,72,80,84,81,-999,20,42,58,76,83,86,87,85,-999,-999,7,21,35,43,61,76,82,86,86,12,34,58,70,81,84,84,80,-999,6,32,56,68,75,79,80,-999,15,54,66,71,80,81,82,5,20,34,49,56,66,73,74,71,72,-999,16,41,56,67,71,72,9,44,54,65,72,75,74,-999,10,31,54,60,75,80,80,82
70,30,-999,14,30.5,50,56,60,62,66,-999,43,55,61,64,36.4,11,42,53,64,66,69,71,-999,4,19,32,51,63,64,65,66,64,63,-999,11,39,58,61,65,71,5,45,56,62,66,69,20,56,62,68,73,74,73,-999,3,27,45,61,73,79,82,-999,16,22,59,72,77,79,85,-999,-999,-999,28,56,80,85,85,-999,2,21,56,74,80,81,-999,2,32,60,69,77,86,80,-999,18,38,69,77,83,84,85,85,-999,-999,1,18,33,41,59,78,83,86,85,17,39,62,75,84,86,86,76,-999,2,34,56,64,76,79,76,-999,14,43,62,67,77,80,80,10,24,38,46,53,63,71,75,71,71,-999,10,25,56,65,72,73,-999,16,42,62,68,71,70,-999,5,27,50,56,70,75,75,76
70,40,-999,17,41,48,57,62,63,66,-999,44,59,64,68,33.8,6,40,52,66,67,69,72,-999,12,24,41,53,63,67,68,69,69,68,-999,-999,33,52,60,66,68,5,48,58,65,68,69,18,52,62,68,71,72,74,-999,8,28,44,61,76,82,84,3,25,44,60,76,82,87,87,-999,-999,-999,34,51,80,86,87,-999,6,23,52,72,80,81,-999,11,47,59,71,79,83,84,-999,27,50,68,78,85,87,88,87,-999,-999,8,21,37,45,65,79,85,88,88,14,38,56,73,82,85,75,64,-999,5,23,47,57,61,64,64,-999,10,34,47,49,61,62,59,-999,16,31,39,44,52,58,58,59,57,-999,12,28,46,64,67,67,-999,12,32,46,55,56,56,-999,2,28,41,45,55,57,57,60
70,50,-999,13,29.5,52,58,64,66,70,5,51,63,69,69,48.8,4,44,56,65,69,72,72,-999,3,22,34,54,66,67,68,67,67,65,-999,1,30,55,61,68,69,-999,49,55,65,66,67,15,56,64,69,73,74,74,-999,-999,30,46,61,71,78,81,-999,24,43,58,74,79,82,86,-999,-999,-999,30,65,80,85,85,-999,15,31,61,79,85,83,-999,19,45,62,71,80,85,82,5,21,44,64,75,82,82,84,83,-999,-999,1,14,32,42,67,80,85,88,88,6,31,59,73,80,84,84,78,-999,5,24,53,68,73,79,78,-999,16,37,61,71,78,81,81,10,21,37,45,57,66,73,75,74,73,-999,13,27,52,61,67,68,-999,16,34,55,65,69,68,-999,3,16,48,53,66,75,77,80
70,60,0.5,23,38,48,54,58,61,62,-999,44,57,61,64,31.5,6,42,51,66,68,71,72,-999,-999,18,43,55,66,69,69,70,68,67,-999,16,50,63,69,74,76,-999,39,70,76,62,61,30,65,72,78,85,86,87,-999,4,35,42,55,66,70,73,-999,12,39,50,65,70,75,74,-999,-999,11,49,60,75,79,79,-999,8,32,53,67,71,71,-999,21,44,59,75,71,75,73,-999,45,51,66,71,77,77,78,77,-999,-999,7,19,34,53,66,73,78,80,79,18,47,65,71,79,80,79,86,-999,1,35,67,81,84,85,86,-999,21,49,70,73,89,92,92,15,34,52,64,63,81,88,89,88,88,-999,18,48,63,72,79,81,-999,16,36,66,75,-999,79,-999,-999,-999,-999,-999,-999,-999,-999,-999
70,70,0.5,20,41,54,56,58,58,58,-999,50,59,60,63,34,7,46,52,58,60,61,63,-999,11,14,47,53,58,60,61,60,60,59,-999,5,39,55,57,61,62,1,48,53,58,60,60,21,55,59,63,66,66,68,-999,12,42,50,62,72,76,80,-999,25,47,64,75,75,83,83,-999,-999,36,60,69,85,85,85,-999,23,43,61,75,80,80,-999,27,49,62,72,76,80,76,-999,54,61,75,82,88,89,89,88,-999,-999,8,19,38,50,71,78,84,84,82,22,46,70,77,86,87,78,90,-999,1,52,61,74,84,89,90,10,44,57,70,76,87,90,91,18,37,50,61,67,75,78,78,80,79,6,25,43,63,77,82,83,-999,31,57,71,80,84,79,-999,20,44,59,65,78,88,93,95
70,80,-999,9,32.5,47,53,56,59,61,-999,43,56,60,60,45.8,15,43,53,61,64,65,66,-999,2,18,44,51,60,60,62,62,60,59,-999,4,36,51,55,60,61,1,41,50,56,60,61,3,45,53,60,65,66,68,-999,8,40,50,59,66,69,70,-999,10,30,57,63,70,71,71,-999,-999,3,44,57,74,75,75,-999,24,42,62,72,75,75,-999,27,51,62,68,72,74,72,-999,49,57,70,74,78,78,78,77,-999,-999,1,12,39,50,64,71,76,77,76,17,50,64,71,76,77,75,86,-999,2,39,59,75,80,85,86,-999,34,48,61,72,85,87,87,-999,24,34,45,58,70,77,78,78,77,-999,17,42,61,73,78,79,-999,29,44,64,73,78,81,-999,15,46,57,63,78,87,90,91
70,90,-999,11,35,43,49,52,54,57,6,41,53,59,60,35.9,10,40,47,56,59,59,60,-999,14,15,30,43,52,54,56,55,53,52,-999,1,30,44,50,55,56,4,49,49,53,55,57,21,45,52,58,63,65,66,-999,13,39,50,57,65,67,70,2,26,41,58,67,70,72,72,-999,-999,4,35,55,73,75,75,-999,11,27,55,67,69,71,-999,8,40,55,63,66,69,68,-999,33,52,66,72,73,74,74,74,-999,-999,5,18,33,48,66,73,76,76,74,17,42,59,68,74,75,74,80,3,8,47,59,71,76,85,80,13,47,56,71,75,79,80,78,10,32,40,51,54,64,69,69,68,65,20,30,43,56,65,68,67,8,41,51,64,74,71,71,-999,20,42,54,59,75,79,82,84
70,100,0.5,19,35.5,43,51,56,58,61,1,42,57,62,62,55.8,11,38,51,63,64,67,68,-999,6,18,39,47,57,58,61,59,59,50,-999,4,39,51,52,61,64,-999,41,51,57,61,63,11,47,51,64,70,70,71,-999,4,23,40,48,54,60,60,1,17,31,48,57,64,66,67,-999,-999,7,24,45,68,70,70,-999,6,11,37,59,64,64,-999,11,36,52,57,64,66,66,-999,17,40,53,62,66,67,68,68,-999,-999,-999,16,31,44,57,67,71,73,72,-999,21,46,55,64,66,66,90,10,33,56,68,72,86,90,90,14,56,62,73,73,87,89,89,14,28,45,52,57,69,72,72,72,71,15,44,51,61,71,76,76,6,49,56,68,73,76,78,-999,38,52,57,68,79,81,80,90
80,0,-999,12,32,48,51,55,60,60,8,40,56,61,64,36.5,3,34,45,57,63,63,65,-999,14,22,44,51,59,60,61,59,57,56,-999,-999,37,48,54,60,62,8,33,44,54,57,58,19,48,55,62,65,67,69,-999,6,33,42,53,61,64,67,-999,4,22,51,65,69,79,85,-999,-999,3,30,52,74,75,72,-999,-999,6,37,60,65,65,-999,1,37,52,62,65,66,66,-999,25,47,67,71,73,74,73,74,-999,-999,-999,11,29,45,63,67,73,73,70,7,35,57,65,74,75,80,74,-999,14,35,54,61,71,78,74,5,21,44,55,61,68,71,70,5,14,29,41,51,55,65,66,63,63,9,26,44,54,61,66,75,7,38,49,58,65,66,67,-999,15,40,48,52,64,75,72,89
80,10,1,20,38,44,48,53,56,56,-999,42,51,59,61,35.6,8,36,48,60,63,63,65,-999,18,18,43,48,57,58,59,59,58,58,-999,1,36,49,55,61,65,3,41,51,59,62,63,15,48,56,63,69,70,71,-999,9,25,40,50,57,61,61,-999,10,22,41,45,60,62,63,-999,-999,10,34,46,65,68,68,-999,7,14,36,54,61,60,-999,11,31,46,56,62,64,61,3,26,37,57,63,68,70,70,69,-999,-999,10,18,34,42,57,64,71,73,70,9,32,50,61,67,70,67,73,-999,7,24,50,64,68,74,73,-999,18,36,59,64,74,79,79,9,26,40,48,56,64,71,72,71,70,4,23,36,52,64,68,68,13,34,44,60,66,70,66,-999,16,37,50,56,70,77,80,83
80,20,-999,11,35,44,48,53,56,57,-999,41,50,59,61,37.3,5,36,50,59,60,64,66,-999,2,15,34,44,56,58,60,62,58,57,-999,-999,29,46,55,59,63,2,44,54,60,62,63,41,55,61,64,68,68,67,-999,3,27,45,59,66,70,71,1,22,38,62,69,72,65,68,-999,-999,17,44,59,70,71,71,-999,14,21,55,71,71,72,-999,13,38,56,66,67,66,65,-999,32,46,70,71,71,69,69,69,-999,-999,10,17,32,49,67,68,72,73,70,17,38,59,65,70,71,70,77,-999,10,26,48,61,71,75,77,-999,21,38,53,61,72,77,77,4,15,24,39,52,61,67,68,72,72,-999,14,24,54,60,65,66,2,23,41,55,65,68,67,-999,18,30,46,55,70,77,80,83
80,30,-999,12,24.5,45,53,56,59,60,-999,44,56,61,61,34.8,6,42,52,61,63,67,68,-999,-999,18,42,54,61,62,64,65,64,62,-999,1,37,55,59,63,67,5,46,55,61,64,66,15,55,61,67,72,73,73,-999,5,37,45,64,73,78,82,-999,21,45,63,73,78,83,82,-999,-999,18,50,63,80,80,79,-999,15,20,59,74,79,81,-999,18,50,65,74,80,84,80,-999,32,49,69,76,83,85,85,84,-999,-999,10,23,36,56,70,80,85,88,85,16,42,64,75,83,86,85,78,-999,9,22,51,67,70,75,78,-999,18,35,62,67,76,79,73,8,18,37,49,55,66,69,74,73,73,-999,15,36,55,67,72,74,-999,40,50,64,72,75,71,-999,12,26,49,56,70,77,81,81
80,40,0.5,13,34.5,43,53,57,60,60,2.5,45,60,63,65,32.4,3,39,52,62,65,69,70,-999,10,24,46,52,63,64,66,66,65,64,-999,-999,37,53,58,64,68,5,46,54,61,63,67,37,58,66,72,78,78,78,-999,19,44,54,64,72,76,78,14,40,51,64,72,77,80,81,-999,-999,18,48,60,81,82,80,-999,19,34,58,73,76,77,8,40,54,66,73,78,80,80,10,40,52,68,77,83,84,83,83,-999,-999,27,36,46,55,68,76,81,83,81,23,45,63,71,78,79,78,93,-999,3,25,51,55,66,74,93,-999,10,32,51,57,67,71,67,8,16,29,38,48,56,58,60,59,59,-999,12,34,51,60,64,64,-999,15,35,54,61,62,61,-999,3,23,41,45,57,65,69,67
80,50,-999,1,28,45,53,58,61,61,10,51,62,63,68,54.9,5,46,57,64,66,68,68,-999,14,16,38,54,59,62,64,63,62,60,-999,1,33,55,58,62,65,-999,52,57,62,63,65,-999,45,56,64,65,66,69,-999,14,35,48,58,65,69,69,-999,17,34,56,65,69,71,70,-999,-999,20,52,60,74,78,76,-999,23,38,59,67,71,71,-999,17,46,57,64,68,70,70,6,43,50,62,69,73,72,73,71,-999,2,20,24,36,52,65,71,75,75,75,9,33,56,66,74,73,71,57,-999,2,25,41,45,46,54,57,-999,13,28,47,48,49,52,54,-999,14,20,29,36,37,46,46,46,46,-999,13,26,39,44,44,45,-999,18,31,39,43,46,46,-999,5,22,31,37,-999,45,45,47
80,60,-999,1,36,38,48,49,51,52,7,42,54,57,60,28.8,-999,34,46,53,55,63,64,-999,15,15,24,34,53,56,57,57,55,55,-999,3,25,47,52,56,58,-999,44,51,53,77,77,4,38,51,57,58,58,63,-999,7,36,47,57,66,71,72,1,22,46,60,70,74,75,75,-999,-999,20,54,60,80,81,86,-999,16,35,55,66,71,71,-999,18,45,53,57,62,65,65,1,45,50,63,70,75,75,75,74,-999,-999,14,22,45,48,58,66,70,72,70,31,50,63,70,75,76,75,61,-999,2,29,43,58,66,64,61,-999,24,39,53,53,66,68,69,2,19,27,39,43,50,56,58,56,56,-999,15,30,46,49,51,52,-999,15,29,44,49,52,49,-999,6,30,44,45,54,60,62,66
80,70,-999,15,36,49,54,59,59,59,15,41,60,62,63,20.8,9,39,44,62,65,66,67,-999,17,19,45,54,60,63,61,61,60,58,-999,10,45,57,60,63,65,5,48,55,62,63,64,18,55,61,66,69,70,70,-999,12,41,48,60,70,75,75,-999,18,35,59,71,76,79,80,-999,15,23,57,65,83,86,85,-999,17,36,60,74,78,78,-999,29,48,64,72,78,80,81,3,46,59,74,81,86,86,87,86,-999,-999,10,23,40,46,68,77,82,84,82,24,51,65,76,84,85,84,82,-999,5,40,60,72,76,80,82,5,23,54,66,70,79,82,80,6,22,36,51,56,64,71,72,70,70,-999,13,28,55,66,72,72,-999,46,55,66,73,75,73,-999,8,25,53,58,71,80,85,86
80,80,-999,1,19,38,45,46,49,49,5,39,48,51,53,25.4,10,34,43,51,57,57,58,-999,15,25,27,40,47,50,52,50,49,47,-999,6,31,43,46,52,54,3,36,43,52,52,53,15,44,50,56,60,62,63,-999,4,28,45,53,62,66,70,-999,6,22,47,65,69,72,70,-999,-999,13,48,60,77,79,79,-999,15,28,59,73,74,75,-999,11,44,61,65,71,75,74,-999,37,57,70,75,80,80,80,80,-999,-999,13,16,36,52,66,72,76,81,80,13,46,65,74,80,79,80,84,5,6,44,61,71,77,85,84,-999,16,46,67,72,81,88,84,12,19,34,50,57,65,67,72,71,69,-999,16,28,59,70,77,77,-999,20,46,65,74,78,74,-999,6,33,53,58,71,80,87,86
80,90,8,18,31.5,38,45,51,52,54,5,40,52,55,61,43.6,10,35,45,61,62,62,63,-999,18,31,38,44,55,56,59,56,54,53,-999,9,34,47,50,55,56,10,44,52,57,59,59,31,48,55,56,60,62,61,-999,15,39,51,61,67,73,75,-999,13,30,61,71,74,78,78,-999,-999,20,55,62,80,84,83,-999,11,27,59,70,75,74,-999,19,49,65,70,75,78,76,1,44,49,69,74,79,79,78,79,-999,-999,5,17,33,45,69,74,79,80,79,11,41,59,71,76,76,75,85,-999,5,45,59,72,78,81,85,5,30,51,63,68,79,83,82,14,29,42,49,56,66,73,73,72,71,8,24,44,59,70,75,76,-999,29,51,66,65,77,76,-999,23,46,46,63,78,85,88,89
80,100,5,30,41.5,51,57,62,63,66,2,44,60,64,69,29.8,12,43,53,66,67,70,70,-999,19,33,38,49,61,64,64,63,62,50,-999,5,42,55,60,65,67,4,46,56,63,66,67,23,55,63,68,71,72,73,-999,27,41,51,60,67,72,73,5,36,43,57,70,75,76,75,-999,-999,11,42,52,75,79,78,-999,16,37,54,67,71,73,-999,20,43,57,63,69,70,68,-999,34,46,60,67,71,70,71,69,-999,-999,8,16,37,46,60,68,72,72,72,13,44,60,66,76,75,70,78,6,9,45,56,68,74,78,78,9,53,56,66,71,79,80,81,11,28,45,55,56,65,70,70,70,67,10,27,40,56,67,71,71,7,44,52,65,73,74,74,-999,37,47,56,63,75,81,82,83
90,0,14,34,42,49,54,58,60,60,10,49,56,60,62,52.7,4,38,50,59,61,62,64,-999,13,21,41,47,57,60,59,58,58,56,-999,11,39,51,56,58,62,9,46,53,58,61,62,13,49,55,62,66,68,68,-999,35,39,53,63,69,72,72,-999,38,46,57,67,72,73,74,-999,-999,44,62,65,76,78,78,-999,24,42,58,71,74,74,5,48,54,64,71,75,75,72,11,51,58,71,77,80,80,79,80,-999,18,33,34,42,48,67,74,77,77,75,48,56,62,69,75,75,75,81,7,34,46,61,71,78,78,81,14,34,55,64,69,78,79,75,16,28,44,52,57,66,73,74,72,71,18,35,51,61,69,74,73,28,48,56,65,72,74,73,-999,13,44,55,58,70,76,84,79
90,10,9,27,37,45,51,56,60,62,11,48,56,63,63,36.8,11,40,48,60,64,64,66,-999,11,32,43,50,59,61,60,59,59,57,-999,11,37,51,57,62,65,18,48,55,61,61,63,36,55,62,66,73,76,73,6,23,39,47,60,69,72,74,26,38,45,60,69,72,75,75,-999,11,36,60,61,75,77,77,-999,31,35,62,73,74,74,16,29,46,60,65,72,73,71,4,43,54,66,73,74,74,76,74,1,15,22,29,43,50,66,72,75,76,74,25,47,45,66,74,72,66,80,-999,8,36,51,65,73,79,80,11,39,53,63,69,78,82,82,11,26,38,44,53,66,73,73,73,71,9,23,39,54,65,70,71,15,44,52,64,72,75,73,-999,14,36,36,56,70,79,82,83
90,20,3,17,37.5,47,47,48,51,51,-999,35,45,50,51,48,5,30,41,49,51,56,58,-999,13,14,20,41,47,50,54,52,50,50,-999,-999,23,41,44,50,54,1,38,49,52,52,53,12,41,46,54,60,61,63,-999,40,42,44,60,66,73,71,3,40,48,60,70,70,75,75,-999,6,27,55,62,80,80,79,-999,20,44,64,75,76,77,2,18,39,63,68,73,73,72,7,36,66,71,77,79,79,79,78,-999,1,14,19,35,50,63,70,75,75,73,14,40,59,69,75,75,70,71,-999,10,42,51,64,67,71,71,-999,50,55,64,67,74,76,78,16,34,42,53,55,64,68,68,66,65,9,26,47,50,61,65,73,6,36,45,58,65,67,64,-999,36,44,52,58,70,76,75,79
90,30,-999,14,35.5,46,48,51,53,54,-999,43,49,54,56,33.4,4,40,45,54,56,60,62,-999,17,26,29,43,50,53,55,54,53,52,-999,5,34,46,52,55,58,10,43,50,58,58,60,17,48,54,60,65,66,67,-999,17,44,48,60,72,76,78,7,36,47,60,72,76,79,80,-999,10,47,48,66,80,82,82,-999,32,42,59,77,79,80,16,39,52,64,71,78,80,76,2,55,61,74,80,84,84,85,83,1,13,27,30,40,49,64,72,78,78,75,43,54,66,74,77,78,76,76,-999,7,31,51,62,70,76,76,-999,25,31,52,61,74,75,74,1,17,28,37,50,58,65,66,65,65,-999,18,36,53,63,68,68,-999,23,39,57,65,66,75,-999,5,26,40,46,65,70,74,76
90,40,2,25,46,53,56,59,60,63,-999,45,57,61,65,26.9,8,43,50,61,62,67,68,-999,5,19,43,53,60,63,63,64,62,60,-999,1,38,53,57,62,64,5,49,55,61,62,65,5,51,59,60,69,69,69,-999,16,37,45,58,65,70,72,17,39,55,59,70,73,77,76,-999,-999,29,56,62,80,81,81,-999,47,52,65,76,78,77,1,35,50,62,69,74,76,73,-999,48,55,68,76,79,79,79,77,-999,3,15,24,40,50,65,73,77,77,75,45,52,65,73,79,78,74,78,-999,5,29,52,63,73,78,78,-999,10,31,52,59,71,73,76,7,18,29,44,51,60,68,72,70,68,-999,15,32,56,64,71,70,-999,19,39,57,66,69,69,-999,-999,19,45,50,67,76,75,74
90,50,1,32,36,42,46,52,55,57,1,42,56,60,63,26.1,9,35,48,61,62,66,67,-999,12,39,45,53,61,63,64,64,62,60,-999,10,40,52,57,63,65,2,42,54,61,61,66,35,51,60,67,71,72,73,-999,16,42,51,64,71,76,76,1,30,50,61,72,76,78,79,-999,1,46,57,65,80,82,82,-999,53,57,68,76,78,81,5,41,50,62,69,73,75,77,15,56,62,72,78,82,82,82,81,-999,-999,10,22,37,48,64,73,76,77,78,47,50,67,75,80,80,89,80,-999,2,45,55,67,75,80,80,-999,12,46,61,67,76,79,79,9,33,31,50,57,66,72,74,72,73,-999,16,41,57,70,74,75,-999,19,44,62,71,75,74,-999,-999,19,47,56,73,79,82,84
90,60,0.5,13,28,49,54,60,61,61,5,47,61,66,69,52.7,5,43,52,66,67,70,69,-999,12,28,45,52,62,65,66,67,65,65,-999,8,45,54,60,64,68,2,44,56,60,62,58,2,50,59,66,72,74,73,-999,18,39,47,59,66,71,71,1,35,45,56,68,71,75,74,-999,1,36,53,62,75,77,76,-999,32,48,56,70,73,74,10,31,48,61,68,72,74,72,6,47,55,68,74,78,78,78,76,-999,5,19,29,47,50,65,72,76,77,75,39,51,65,70,76,75,71,82,-999,-999,28,57,73,73,81,82,-999,11,32,64,69,78,84,81,8,19,35,54,62,71,77,79,78,79,-999,7,23,56,69,75,77,-999,19,44,53,72,75,76,-999,-999,16,46,55,71,80,84,85
90,70,1,18,39,48,52,55,57,58,-999,39,48,52,55,34.8,13,37,48,52,54,56,58,-999,8,20,44,47,52,53,55,54,51,50,-999,3,31,46,49,52,57,10,43,48,55,56,56,11,46,51,57,61,61,62,-999,16,48,54,63,71,70,71,15,36,48,57,71,71,70,71,-999,-999,30,50,59,71,74,75,-999,39,47,63,72,75,75,-999,31,48,60,66,72,72,73,17,48,58,69,77,78,78,76,75,-999,-999,19,29,42,51,65,74,79,79,79,40,56,63,74,75,75,71,79,-999,4,29,55,66,73,76,79,-999,21,40,61,66,77,78,79,10,21,34,49,58,66,72,74,73,72,-999,12,29,54,64,68,69,-999,14,26,54,63,65,66,-999,10,32,51,56,69,75,80,81
90,80,0.5,20,33,45,50,54,56,57,3,43,53,57,57,23.2,12,37,45,58,59,62,64,-999,15,22,37,46,54,55,56,56,57,54,-999,9,37,47,52,56,58,10,42,50,54,56,58,30,50,58,62,66,68,68,-999,32,43,51,61,68,74,73,6,38,48,61,72,74,79,80,-999,1,41,58,65,80,84,84,-999,45,48,61,74,77,78,-999,38,49,61,68,72,74,73,13,49,56,69,75,80,80,80,79,-999,-999,9,21,46,51,66,74,79,80,80,10,51,62,71,77,79,78,84,-999,6,45,62,73,78,82,84,-999,22,51,63,70,81,83,82,17,24,45,55,65,71,77,78,76,75,-999,18,34,59,74,77,77,-999,20,44,53,72,70,74,-999,15,36,51,60,76,85,87,90
90,90,1,22,42,48,54,59,61,62,1,43,58,62,63,32.7,12,44,53,62,66,66,66,-999,25,28,44,50,59,61,62,61,61,58,-999,10,37,51,58,63,64,11,52,55,63,65,63,22,51,59,65,70,72,71,-999,6,38,49,58,60,62,63,-999,12,33,56,61,62,65,65,-999,-999,6,40,55,66,69,70,-999,8,22,46,65,66,73,-999,12,43,53,64,67,69,65,-999,24,46,62,66,71,72,70,74,-999,-999,7,15,35,46,63,69,72,73,70,10,37,55,64,68,70,69,74,-999,5,31,55,67,70,79,74,2,17,33,56,61,72,73,76,7,15,23,37,48,60,66,70,70,66,-999,14,39,58,63,69,70,-999,18,42,61,75,71,72,-999,14,37,49,56,68,71,77,74
90,100,11,26,40,48,52,55,56,58,-999,45,53,56,60,32.3,11,41,49,57,57,62,63,-999,8,32,48,53,60,60,63,61,58,58,-999,12,36,51,55,60,61,25,47,53,59,63,64,27,54,60,65,69,69,69,-999,25,44,50,60,67,71,71,1,14,35,55,65,69,73,74,-999,-999,12,55,60,75,77,77,-999,13,29,58,70,74,78,16,35,53,65,70,75,78,74,5,36,53,67,74,75,76,75,76,-999,-999,14,25,44,57,68,75,78,78,80,28,46,65,75,76,76,76,81,23,37.5,52,65,74,78,81,81,19,54,62,72,76,82,88,85,17,29,37,47,58,68,74,74,74,71,16,37,46,59,69,73,73,32,51,58,68,74,76,76,-999,48,56,55,69,79,85,84,85
100,0,31,34,42,52,56,59,60,61,10,43,53,57,59,30.3,23,41,48,56,59,60,61,-999,18,26,45,48,54,56,62,57,54,53,-999,20,44,50,53,60,60,26,47,54,59,60,62,42,55,61,64,66,66,67,-999,20,41,54,65,74,79,79,48,49,57,69,75,81,82,86,-999,7,54,61,70,84,85,85,4,55,62,74,84,86,88,8,32,64,73,78,81,83,81,16,56,59,70,81,85,85,82,82,-999,14,27,38,64,65,75,82,86,85,81,52,61,72,78,83,83,82,83,7,17,45,57,71,76,82,83,24,56,61,73,79,85,90,96,14,24,42,57,64,73,79,79,76,75,12,24,35,55,69,75,75,11,42,52,66,75,77,74,-999,18,42,54,60,75,83,85,88
100,10,1,13,31,40,47,54,58,58,13,42,54,60,63,32.2,4,25,47,57,62,62,62,-999,5,20,35,43,54,56,60,56,55,53,-999,8,35,48,54,60,61,20,39,49,56,57,59,30,51,57,64,70,71,73,-999,15,55,61,66,74,82,82,2,44,50,67,79,79,87,85,-999,4,46,64,74,90,94,93,-999,44,49,74,83,91,92,8,36,47,65,75,82,84,84,8,54,63,72,84,90,90,90,89,-999,-999,13,16,54,58,72,81,87,88,88,46,55,71,82,88,87,84,80,-999,10,35,58,63,77,80,80,11,24,37,59,64,73,77,75,4,13,19,26,46,57,62,65,64,62,-999,16,29,54,62,67,68,7,26,45,58,66,70,71,-999,13,39,48,55,70,76,78,76
100,20,1,15,32,41,45,49,51,53,4,41,50,58,58,35.6,4,31,45,56,56,60,61,-999,18,21,40,46,55,56,57,57,56,55,-999,8,31,48,51,56,59,11,43,49,56,57,58,15,47,54,58,63,63,63,-999,24,45,53,65,73,76,77,11,17,39,58,72,73,80,80,-999,2,35,51,61,80,84,84,-999,12,32,55,71,76,76,2,28,46,61,68,75,77,76,2,52,57,69,75,82,81,82,82,-999,-999,12,17,43,56,68,76,81,82,80,20,49,61,71,79,80,80,78,-999,8,35,52,69,75,79,78,15,37,54,67,73,81,85,84,15,43,44,48,56,68,73,74,73,72,5,22,42,57,69,75,75,29,44,54,68,76,79,76,-999,16,37,50,61,76,84,86,88
100,30,1,21,27.5,37,44,50,52,53,-999,36,50,55,60,38.1,13,37,43,57,58,63,64,-999,25,37,40,47,55,56,59,56,55,53,-999,12,36,44,51,56,58,12,49,49,56,57,60,19,41,51,58,64,65,66,-999,2,18,40,55,62,69,77,10,19,43,58,70,70,70,71,-999,-999,14,45,56,70,72,72,-999,10,31,57,74,74,73,-999,13,40,55,64,69,71,68,-999,22,46,64,73,77,77,75,72,-999,-999,9,16,32,48,64,72,76,77,74,26,51,64,71,80,74,74,81,-999,-999,36,50,66,74,78,81,1,29,52,65,70,81,84,84,10,38,45,50,55,65,70,71,71,70,3,21,39,56,67,73,74,1,32,48,64,72,76,76,-999,11,37,49,59,73,82,86,88
100,40,1,17,28.5,46,48,52,53,53,-999,39,52,52,51,42.8,8,40,45,54,57,63,55,-999,2,15,34,52,57,55,54,53,53,53,-999,7,33,48,53,62,69,14,49,46,53,57,58,15,47,55,61,66,68,68,-999,14,45,53,64,73,75,76,12,35,55,68,76,77,79,81,-999,-999,28,61,70,83,84,84,-999,22,43,72,80,84,83,1,16,51,66,78,80,80,80,2,37,57,72,79,83,83,82,80,-999,-999,9,21,37,50,73,83,86,86,84,27,56,77,81,87,85,85,75,-999,8,25,47,62,68,73,75,-999,17,31,52,60,71,75,75,7,18,25,46,54,61,66,67,67,66,-999,17,31,52,63,68,70,-999,22,40,57,65,67,66,-999,2,25,44,51,67,76,80,83
100,50,1,21,43,51,55,59,61,62,-999,39,60,63,63,27.6,12,45,54,63,64,67,67,-999,6,23,49,55,62,65,66,64,63,61,-999,13,49,59,62,66,68,6,50,57,62,63,62,19,56,62,66,72,74,73,-999,10,41,49,64,72,76,76,-999,22,47,61,73,76,79,79,-999,2,41,60,71,85,85,85,-999,16,37,56,74,78,78,3,31,55,65,72,76,80,79,6,43,54,71,77,82,81,82,79,-999,-999,9,18,48,54,68,76,80,80,80,48,57,69,76,80,81,79,80,-999,7,31,58,72,76,76,80,-999,17,41,62,65,77,79,79,9,19,28,51,58,65,72,74,73,73,-999,15,32,59,69,76,75,-999,20,45,62,71,75,73,-999,9,33,53,57,73,77,81,79
100,60,2,14,39.5,44,46,50,51,51,-999,37,50,53,56,38.8,12,40,50,54,55,57,60,-999,7,19,40,48,55,57,57,57,56,56,-999,9,37,49,54,56,59,5,42,49,54,67,67,18,49,55,60,65,65,67,-999,18,43,52,64,70,78,83,13,35,50,65,76,78,84,84,-999,1,34,60,70,86,89,89,-999,19,35,59,76,82,80,10,26,50,66,72,78,80,79,9,43,54,70,77,83,84,84,84,-999,-999,14,22,44,47,67,77,81,81,81,50,57,71,78,85,85,85,77,-999,2,34,54,67,62,75,77,-999,20,49,60,67,79,82,81,5,19,33,49,56,66,72,74,73,72,-999,11,27,52,66,71,72,-999,24,44,51,72,72,72,-999,8,32,48,57,77,84,86,87
100,70,1,16,33,43,49,53,57,57,-999,41,51,57,59,37.5,11,39,46,57,60,61,62,-999,7,22,37,46,56,58,59,59,57,55,-999,7,38,49,55,59,62,3,43,50,56,57,61,7,46,53,60,65,66,64,8,19,47,55,68,72,76,79,51,54,59,70,77,79,82,81,2,18,52,64,74,85,90,90,-999,37,43,63,78,83,83,2,38,51,65,73,75,80,80,14,55,62,74,81,85,85,85,83,-999,-999,11,25,46,53,69,77,81,81,81,38,56,70,77,84,84,82,71,-999,2,20,42,56,62,70,71,-999,15,44,62,66,71,73,74,10,17,26,41,50,59,66,68,66,66,-999,9,23,49,61,61,66,-999,16,30,50,56,65,63,-999,4,17,39,46,61,70,75,78
100,80,10,31,44,50,53,53,55,55,-999,45,51,55,57,28.2,16,46,50,57,57,58,59,-999,22,34,45,52,56,58,57,57,55,54,-999,8,41,51,52,55,56,25,48,51,57,58,58,35,52,56,59,62,62,63,-999,16,40,49,60,67,71,72,14,44,50,58,70,71,74,74,5,12,45,59,65,78,79,79,-999,12,46,60,77,77,77,8,28,45,58,66,72,74,70,56,56,61,72,77,79,80,79,79,-999,-999,13,24,45,50,62,71,75,76,75,20,48,59,69,75,75,72,75,-999,3,34,54,64,70,76,75,3,24,46,61,64,76,77,75,13,22,33,44,52,61,67,69,68,68,-999,22,37,56,66,70,76,-999,20,38,56,65,68,65,-999,3,34,47,53,66,75,76,77
100,90,13,27,46.5,55,59,62,63,63,11,43,61,62,65,30.9,28,49,54,66,66,67,68,-999,26,33,38,58,64,64,63,64,61,60,-999,17,48,56,60,62,64,41,58,62,66,67,66,28,58,63,68,72,72,73,-999,26,48,55,64,68,73,73,17,42,53,66,72,75,77,75,1,35,46,63,68,79,81,81,-999,34,41,57,71,74,75,1,42,57,66,71,75,75,73,21,47,57,71,78,79,81,78,78,-999,3,33,40,49,56,67,76,77,77,75,46,58,67,75,77,77,75,84,5,10,42,65,71,80,85,84,9,21,46,64,67,79,81,79,30,27,34,45,57,65,72,74,73,72,-999,17,40,62,73,77,76,3,23,49,66,78,81,76,-999,24,41,57,64,78,81,84,84
100,100,-999,10,28.5,40,50,56,59,61,11,42,57,61,64,38.5,17,36,49,63,65,67,69,-999,2,18,38,45,58,60,61,61,58,58,-999,10,39,51,58,62,65,13,44,49,60,63,66,27,51,59,67,73,73,71,-999,33,45,55,61,68,72,71,31,39,50,62,70,74,75,75,-999,2,36,54,65,79,80,80,-999,37,46,62,73,75,76,6,40,53,64,70,75,78,76,26,43,54,69,76,79,80,80,79,-999,4,32,41,48,56,69,75,80,81,79,46,57,65,73,76,77,76,82,6,12,47,60,72,78,80,82,18,49,58,68,75,84,85,85,24,40,44,48,55,64,71,72,70,70,12,30,43,60,70,74,74,4,48,56,68,76,78,77,-999,47,56,65,70,80,87,90,90
